AIRWICK ambientador freshmatic nenuco recambio 2 uds	7,75 €
AIRWICK ambientador nenuco 1 ud	3,70 €
AIRWICK ambientador pure flor frescor ropa limpia spray 250 ml	3,95 €
AIRWICK ambientador pure flores de cerezo de asia spray 250 ml	3,95 €
AIRWICK ambientador pure nenuco frescor de colonia spray 250 ml	3,95 €
AIRWICK Life escents ambientador eléctrico oasis turquesa recambio 1 ud	5,20 €
AIRWICK Life escents ambientador freshmatic delicias de verano recambio 1 ud	5,25 €
AJAX estropajo jabonoso paquete 7 uds	1,59 €
AJAX limpiador 2 en 1 shower power pistola 500 ml	2,19 €
AJAX limpiador pino botella 1 lt	1,99 €
Ajetes tiernos bandeja 200 gr	1,29 €
Ajo morado malla 250 gr	1,15 €
Ajo morado malla 500 gr	1,99 €
Ajo morado unidad (90 gr aprox.)	0,45 €
ALADDIN algodón mágico limpia metales bote 75 gr	2,69 €
Alas de pollo enteras bandeja 800 gr	3,00 €
ALBA bocadito de pan sabor jamón y tomate bolsa 110 gr	1,09 €
ALBA bocaditos de pan sabor tomate y orégano bolsa 110 gr	1,09 €
ALBA rosquilletas con pipas bolsa 70 gr	0,90 €
ALBAL bolsa para horno y microondas paquete 5 uds	2,49 €
ALBAL film transparente corte fácil 20 m	1,85 €
ALBALI vino tinto DO Valdepeñas botella 75 cl	2,79 €
Albaricoque unidad (50 gr aprox)	0,12 €
ALBO atún claro en aceite de oliva lata 67 gr	1,59 €
ALBO atún claro en aceite de oliva lata 82 gr	2,65 €
							1,99 €
ALBO atún claro en aceite de oliva pack 3 latas 67 gr	5,90 €
ALBO atún claro en aceite de oliva pack de 3 latas 48 gr	4,25 €
ALBO atún claro en aceite de oliva pack de 6 latas 48 gr	7,59 €
							5,69 €
ALBO atún claro en aceite de oliva virgen extra bajo en sal pack 3 latas 67 gr	5,90 €
ALBO atún claro en aceite de oliva virgen extra lata 82 gr	2,65 €
ALBO atún claro en aceite de oliva virgen extra pack de 3 latas 48 gr	4,25 €
ALBO atún claro en salsa picantona lata 82 gr	2,39 €
ALBO bonito del norte en aceite de oliva bajo en sal lata 82 gr	2,90 €
ALBO bonito del norte en aceite de oliva lata 67 gr	2,05 €
ALBO bonito del norte en aceite de oliva lata 82 gr	2,98 €
							2,23 €
ALBO bonito del norte en escabeche lata 82 gr	2,90 €
ALBO calamares  rellenos en su tinta lata 72 gr	3,69 €
ALBO calamares en su tinta lata 72 gr	1,99 €
							1,49 €
ALBO filetes de caballa del sur en aceite de oliva lata 85 gr	2,47 €
ALBO sardinas en aceite de oliva lata 85 gr	1,97 €
ALBO sardinas en aceite de oliva virgen extra  lata 85 gr	2,05 €
ALBO sardinas en escabeche lata 85 gr	1,85 €
ALBO sardinas picantonas lata 85 gr	2,00 €
ALBO sardinillas en aceite de oliva 8/12 piezas lata 82 gr	2,25 €
							1,69 €
ALBO trozos de calamares en salsa americana lata 72 gr	1,99 €
							1,49 €
Albóndigas mixtas bandeja 420 gr	2,25 €
Alcachofa unidad (180 gr aprox.)	0,29 €
ALCORTA vino tinto crianza do rioja botella 75 cl	6,00 €
ALEX cera incolora brillo intenso botella 750 ml	3,59 €
ALEX cera incolora especial parquet botella 750 ml	3,95 €
ALGASIV almohadillas dental inferior caja 18 uds	6,99 €
ALGASIV almohadillas dental superior caja 18 uds	6,99 €
ALGASIV crema fijadora para prótesis dental tubo 40 gr	9,45 €
ALHAMBRA cerveza especial pack 6 botellas 25 cl	2,93 €
ALHAMBRA cerveza roja pack 4 botellas 33 cl	4,65 €
ALHAMBRA cerveza rubia nacional especial lata 33 cl	0,65 €
ALHAMBRA cerveza sin alcohol botella 1 lt	1,36 €
ALHAMBRA RESERVA 1925 cerveza rubia nacional pack 4 botellas 33 cl	4,59 €
Alitas de pollo partidas 520 gr	2,26 €
Almendra pelada frita tarrina 200 gr	2,89 €
Almendra tostada bandeja 200 gr	2,89 €
ALMIRON leche infantil en polvo etapa 1 caja 800 gr	17,49 €
ALMIRON leche infantil en polvo etapa 2 caja 800 gr	13,99 €
ALMIRON leche infantil en polvo etapa 3 caja 800 gr	13,49 €
ALMIRON papilla de cereales con galleta caja 500 gr	3,49 €
ALMIRON papilla de multicereales caja 500 gr	3,49 €
ALO DRINK bebida de aloe vera con mango botella 50 cl	1,89 €
ALO DRINK bebida de aloe vera con pomelo y limón botella 50 cl	1,89 €
ALPRO bebida de arroz envase 1 lt	1,95 €
ALPRO bebida de avena envase 1 lt	1,95 €
ALPRO bebida de coco envase 1 lt	1,98 €
ALPRO bebida de soja ligera envase 1 lt	1,52 €
ALPRO bebida soja envase 1 lt	1,52 €
ALPRO Caffé con avena vaso 200 ml	1,49 €
ALPRO leche de almendras envase 1 lt	1,94 €
ALPRO yogur de soja sabor arándanos y frutos rojos pack 4 unidades 125 gr	1,99 €
ALTOS DE TAMARON vino tinto crianza DO Ribera de Duero botella 75 cl	8,49 €
ALTOS DE TAMARON vino tinto reserva DO Ribera de Duero botella 75 cl	13,49 €
ALTOS DE TAMARON vino tinto roble DO Ribera del Duero botella 75 cl	5,74 €
ALVALLE gazpacho botella 750 ml	2,99 €
ALVALLE gazpacho original refrigerado envase 1 lt	3,55 €
ALVALLE gazpacho pack 3 unidades 250 ml	3,50 €
ALVALLE gazpacho suave refrigerado envase 1 lt	3,25 €
ALVALLE salmorejo botella 750 ml	2,99 €
ALVALLE salmorejo envase 1 lt	3,69 €
ALVALLE salmorejo tarrina 180 gr	1,25 €
ALVINI vermouth blanco aperitivo botella 1 lt	2,26 €
ALVINI vermouth rojo aperitivo botella 1 lt	2,07 €
AMALUR habas baby  FRASCO 425GR	1,67 €
AMALUR patatas paris FRASCO 425 GR	1,26 €
AMALUR trufa negra entera frasco 10 gr	3,39 €
AMBAR 1900 cerveza rubia nacional botella 33 cl	1,18 €
AMBAR cerveza rubia nacional lata 33 cl	0,68 €
AMBAR cerveza rubia nacional pack 9 latas 33 cl	6,03 €
AMBAR cerveza SIN GLUTEN botella 33 cl	0,85 €
AMBAR EXPORT cerveza rubia nacional lata 33 cl	0,87 €
AMBI PUR ambientador de coche aqua recambio 1 ud	3,19 €
AMBI PUR ambientador eléctrico 3volution aire fresco recambio 1 ud	4,40 €
AMBI PUR ambientador eléctrico 3volution flores elegantes recambio 1 ud	5,15 €
AMBI PUR ambientador eléctrico 3volution tatami japonés recambio 1 ud	4,40 €
AMBI PUR ambientador eléctrico aroma aire fresco aparato + recambio 1 ud	5,83 €
AMBI PUR ambientador eléctrico aroma aire fresco recambio 1 ud	3,25 €
AMBI PUR ambientador eléctrico aroma flores elegantes recambio 1 ud	3,25 €
AMBI PUR ambientador eléctrico aroma lavanda recambio 1 ud	3,25 €
AMBI PUR ambientador eléctrico aroma tatami japonés aparato + recambio 1 ud	7,69 €
AMBI PUR ambientador eléctrico aroma tatami japonés recambio 1 ud	3,25 €
AMBI PUR ambientador para coche anti tabaco recambio 1 ud	3,19 €
AMBI PUR ambientador para coche aroma aire fresco recambio 1 ud	3,19 €
AMBI PUR ambientador para coche aroma brisa marina 1 ud	2,99 €
AMBI PUR ambientador para coche torrente refrescante aparato + recambio 1 ud	4,90 €
AMBIENT AIR ambientador para coche dama de noche 1 ud	1,85 €
AMBIENT AIR vela ambientador antitabaco caja 1 ud	1,59 €
AMPERSAND ginebra pink botella 70 cl	15,23 €
AMSTEL cerveza 0,0% alcohol lata 33 cl	0,54 €
AMSTEL cerveza 0,0% alcohol pack 6 botellas 25 cl	2,14 €
AMSTEL cerveza rubia clásica nacional lata 33 cl	0,36 €
AMSTEL cerveza rubia nacional lata 50 cl	0,79 €
AMSTEL cerveza rubia nacional pack 12 latas 33 cl	6,38 €
AMSTEL cerveza rubioa pack 6 botellas 25 cl	2,40 €
AMSTEL Oro cerveza tostada lata 33 cl	0,69 €
AMSTEL Premium cerveza rubia nacional lata 33 cl	0,56 €
AMSTEL Radler cerveza sabor limón lata 33 cl	0,60 €
AMSTEL Radler cerveza sabor limón pack 12 latas 33 cl	6,49 €
AMSTEL Radler cerveza sabor limón pack 6 botellas 25 cl	3,19 €
Anacardos fritos tarrina 175 gr	3,45 €
Anchodinas envase 50 gr	1,45 €
ANDIX pantilla carbón bicolor talla única 1 par	1,89 €
ANDIX plantillas confort gel talla S 35-38	11,29 €
ANDIX plantillas gel descanso talla única 35-42	9,99 €
ANDRES cocktail de picos bolsa 350 gr	1,15 €
ANDRES pikitos de pan bolsa 140 gr	0,89 €
ANDRES regaña rústicas bolsa 100 gr	1,08 €
ANDRÉS picos camperos con aceite de oliva y ajonjoli  bolsa 180 gr	1,09 €
ANDRÉS picos pan rustic bolsa 140 gr	1,15 €
ANDRÉS regañas con aceite de oliva y ajonjoli bolsa 170 gr	1,09 €
ANETO caldo de pescado y marisco para paella envase 1 lt	6,70 €
ANETO caldo de pollo bajo en sal envase 1 lt	3,59 €
ANETO caldo de puchero 1 lt	3,59 €
ANETO caldo natural de pescado envase 1 lt	4,30 €
ANETO caldo natural de pollo envase 1,04 lt	3,59 €
ANETO caldo natural de pollo envase 500 ml	2,05 €
ANETO caldo natural de verduras envase 1 lt	3,59 €
ANGULO queso fresco tarrina 500 gr	3,05 €
ANGULO queso tradicional vaca 150 gr	1,35 €
ANNA CODORNIU cava semiseco ice edition pack 3 botellas 20 cl	7,99 €
ANNA DE CODORNIU cava brut botella 75 cl	8,95 €
ANNA DE CODORNIU cava brut nature botella 75 cl	8,95 €
ANTONIO BANDERAS colonia the golden secret frasco 100 ml	22,50 €
ANTONIO BANDERAS colonia the secret frasco 100 ml	18,50 €
Apio bolsa 500 gr	0,99 €
AQUA VELVA after shave loción 200 ml	4,19 €
AQUABONA agua mineral natural botella 1.5 lt	0,39 €
AQUABONA agua mineral natural botella 2.5 lt	0,75 €
AQUABONA agua mineral natural botella 5 lt	1,00 €
AQUAREL agua mineral botella 33 cl	0,47 €
AQUAREL agua mineral natural botella 1.5 lt	0,46 €
AQUAREL agua mineral natural botella 2 lt	0,52 €
AQUAREL agua mineral natural botella 5 lt	1,10 €
AQUAREL agua mineral natural botella 50 cl	0,43 €
AQUAREL agua mineral natural botella tapón sport 33 cl	0,37 €
AQUARIUS bebida refrescante aromatizada limón botella 1.5 lt	1,55 €
AQUARIUS bebida refrescante aromatizada limón botella 50 cl	1,03 €
AQUARIUS bebida refrescante aromatizada limón lata 33 cl	0,69 €
AQUARIUS bebida refrescante aromatizada limón pack 2 botellas 1.5 lt	2,98 €
AQUARIUS bebida refrescante aromatizada limón pack 9 latas 33 cl	5,94 €
AQUARIUS bebida refrescante aromatizada naranja botella 1.5 lt	1,55 €
AQUARIUS bebida refrescante aromatizada naranja lata 33 cl	0,69 €
AQUARIUS bebida refrescante aromatizada naranja pack 2 botellas 1.5 lt	2,98 €
