title;Go high for legs ! While making the squat bend might get you all the glory|| it may not be the smartest way to load your legs. Research in the Scandinavian Journal of Medicine in Science and Sports found that increasing your training volume enhanced the satellite cell numbers -a marker for muscle growth in leg muscle|| but not in the upper body - Shoot for 12-15 reps over 3 -5 sets for each leg exercise and you will see more growth in your primary transportation devices #legs #piernas #gluteos #npc  #squats  #fitgirl #fitnessmodel #fitness #fitfam #fitspo #igfitness #bootybuilding #weightloss #cardio #igfitness #cleaneating  #aesthetics #physique #figure #bikini #abs #sixpack  #npc #hiit #bootcamp #train #exercise #workoutvideo #personaltrainer #miamibeach #bodybuilding #gym;https://scontent-mad1-1.cdninstagram.com/vp/f19dd655b2337fdbb22cfe0b16a471bf/5B34DF7F/t51.2885-15/e35/15803652_1855679428049753_5729571962972274688_n.jpg;https://www.instagram.com/p/BOxN_Y3j8Rf/;2 de enero de 2017;;
title;Smith machine step ups combo #squats . Works #legs #glutes #core -3 to 4 sets or 10 reps (20 in total) per leg . Happy #humpday 🍑 🇪🇸Ejercicio de piernas y #gluteos - 3 o 4 series de 10 repeticiones cada pierna  #fitgirl #fitnessmodel #fitness #fitfam #fitspo #igfitness #bootybuilding #weightloss #cardio #igfitness #cleaneating  #aesthetics #physique #figure #bikini #abs #sixpack  #npc #hiit #bootcamp #train #exercise #workoutvideo #personaltrainer #miamibeach;https://scontent-mad1-1.cdninstagram.com/vp/355942b79cf6647a46852b57b3d59f83/5ABB1D0C/t51.2885-15/e15/15875982_1229285750486457_8356965099029659648_n.jpg;https://www.instagram.com/p/BO2jb0bDMrF/;4 de enero de 2017;;
title;"Thigh master : so long saddlebags ! This move sculpts nearly every part of your lower body|| including the area around your hips : \""the side lunge double pulse\"" Do 3 sets of 15 reps per leg. Works legs and butt. #glutes #core #legs #gluteos #fitgirl #fitnessmodel #fitness #fitfam #fitspo #igfitness #bootybuilding #weightloss #cardio #igfitness #cleaneating  #aesthetics #physique #figure #bikini #abs #sixpack  #npc #hiit #bootcamp #train #exercise #workoutvideo #personaltrainer #miamibeach";https://scontent-mad1-1.cdninstagram.com/vp/964348bcbf2f66351d1f1750262182ee/5ABB5280/t51.2885-15/e15/15876056_366965600335632_5610126547353600000_n.jpg;https://www.instagram.com/p/BPAzYxmDtkC/;8 de enero de 2017;;
title;Leg burner: Trx  banded straddle step ups. Works #legs #glutes #core .Do it at the end of your leg workout for 1 minute each leg. Happy #humpday 🍑 #gluteos #fitgirl #fitnessmodel #fitness #fitfam #fitspo #igfitness #bootybuilding #weightloss #cardio #igfitness #cleaneating  #aesthetics #physique #figure #bikini #abs #sixpack  #npc #hiit #bootcamp #train #exercise #workoutvideo #personaltrainer #miamibeach;https://scontent-mad1-1.cdninstagram.com/vp/9d42cd0aac02b690376521d0b1d5075f/5ABB41C9/t51.2885-15/e15/15877502_163024614182830_2490143049477259264_n.jpg;https://www.instagram.com/p/BPIHASRDeVa/;11 de enero de 2017;;
title;So tired today ! Look at my face 😊Time to drink my favorite pre-workout 💪 K-XR @vmisports 👊🏻20% code: vanessa 😉#glutes #core #legs #gluteos #fitgirl #fitnessmodel #fitness #fitfam #fitspo #igfitness #bootybuilding #weightloss #cardio #igfitness #cleaneating  #aesthetics #physique #figure #bikini #abs #sixpack  #npc #hiit #bootcamp #train #exercise #workoutvideo #personaltrainer #miamibeach;https://scontent-mad1-1.cdninstagram.com/vp/b632c806a13780c96d592940590ed1ab/5B431A70/t51.2885-15/e35/16110431_368701236820714_7483828329703800832_n.jpg;https://www.instagram.com/p/BPS51FwjoR5/;15 de enero de 2017;;
title;Humpday combo: barbell squats/ step ups. 3x10 reps per leg. Works #legs #glutes #core Happy #humpday 🍑🇪🇸Ejercicio de #gluteos y piernas. 3x10 repeticiones cada pierna #fitgirl #fitnessmodel #fitness #fitfam #fitspo #igfitness #bootybuilding #weightloss #cardio #igfitness #cleaneating  #aesthetics #physique #figure #bikini #abs #sixpack  #npc #hiit #bootcamp #train #exercise #workoutvideo #personaltrainer #miamibeach;https://scontent-mad1-1.cdninstagram.com/vp/41cefcd10eec306333ac01f5dd0cb15e/5ABB498C/t51.2885-15/e15/15877148_383327902016639_3439613082848985088_n.jpg;https://www.instagram.com/p/BPaP0wlDakJ/;18 de enero de 2017;;
title;THE SMART WAY TO LOSE WEIGHT : focus on eating the right foods at the right times 1️⃣Eat fat to blast fat: healthy fast keep your insulin levels steady || which lets your body burn off the fat you eat.2️⃣Drink more water : drinking 3 additional cups of water a day can help you consume up to 206 fewer calories 3️⃣Be strategic about carbs : cut back on simple carbs and eat more protein and fat instead. To replenish your muscles after a workout have some complex carbs combined with protein . #glutes #core #legs #gluteos #fitgirl #fitnessmodel #fitness #fitfam #fitspo #igfitness #bootybuilding #weightloss #cardio #igfitness #cleaneating  #aesthetics #physique #figure #bikini #abs #sixpack  #npc #hiit #bootcamp #train #exercise #workoutvideo #personaltrainer #miamibeach;https://scontent-mad1-1.cdninstagram.com/vp/40591d25d6460af113897999b29ac152/5B721C4F/t51.2885-15/e35/15875703_767802700033422_8388760969555214336_n.jpg;https://www.instagram.com/p/BPk-6lTDEiA/;22 de enero de 2017;;
title;Finishing leg day with 3 sets of 1 minute each of this combo : high incline treadmill walk / hex bar squat. Happy #humpday outfit 🍑🍑@foxyathletics  @foxyathletics @foxyathletics #glutes #core #legs #gluteos #fitgirl #fitnessmodel #fitness #fitfam #fitspo #igfitness #bootybuilding #weightloss #cardio #igfitness #cleaneating  #aesthetics #physique #figure #bikini #abs #sixpack  #npc #hiit #bootcamp #train #exercise #workoutvideo #personaltrainer #miamibeach;https://scontent-mad1-1.cdninstagram.com/vp/a23f8484d06ee5b383599aaecee574a9/5ABB1D9E/t51.2885-15/e15/16228993_1222218481178077_35207410293407744_n.jpg;https://www.instagram.com/p/BPp_UH5juxm/;24 de enero de 2017;;
title;#tbt 3 months ago... selfie with client Nga pro bikini @estefidu before going on stage 💕. #glutes #core #legs #gluteos #fitgirl #fitnessmodel #fitness #fitfam #fitspo #igfitness #bootybuilding #weightloss #cardio #igfitness #cleaneating  #aesthetics #physique #figure #bikini #abs #sixpack  #npc #hiit #bootcamp #train #exercise #workoutvideo #personaltrainer #miamibeach;https://scontent-mad1-1.cdninstagram.com/vp/cb5390ee637a9837367d5a58eb19b95e/5B313870/t51.2885-15/e35/16123050_410713025946927_6310931580743319552_n.jpg;https://www.instagram.com/p/BPvF-iKDsQs/;26 de enero de 2017;;
title;Advanced tricep  exercise: Feet elevated body weight skull crushers. Aim for 3 to 4 sets/ 20 to 15 reps 💪👊🏻Leggings @foxyathletics 💕#glutes #core #legs #gluteos #fitgirl #fitnessmodel #fitness #fitfam #fitspo #igfitness #bootybuilding #weightloss #cardio #igfitness #cleaneating  #aesthetics #physique #figure #bikini #abs #sixpack  #npc #hiit #bootcamp #train #exercise #workoutvideo #personaltrainer #miamibeach #bodybuilding;https://scontent-mad1-1.cdninstagram.com/vp/c7f9bc14817294d552cd67098924d9e0/5ABC1C00/t51.2885-15/e15/16124093_100349460483111_3455433655013343232_n.jpg;https://www.instagram.com/p/BP3AjbYDtTI/;29 de enero de 2017;;
title;Leg day combo: Bulgarian squats/ single leg deadlift/ glute kick . Aim for 3 sets of 10 reps per leg. Happy #humpday 🍑🍑 And don't forget to feed your muscles after working out @vmisports . #glutes #core #legs #gluteos #fitgirl #fitnessmodel #fitness #fitfam #fitspo #igfitness #bootybuilding #weightloss #cardio #igfitness #cleaneating  #aesthetics #physique #figure #bikini #abs #sixpack  #npc #hiit #bootcamp #train #exercise #workoutvideo #personaltrainer #miamibeach;https://scontent-mad1-1.cdninstagram.com/vp/38d8dd62071a83e00536d4f970404f8b/5ABC0F40/t51.2885-15/e15/16229459_279688855783228_3653029153088733184_n.jpg;https://www.instagram.com/p/BP-Ts7KDC9h/;1 de febrero de 2017;;
title;Happy flex Friday 💪👊🏻. #glutes #core #legs #gluteos #fitgirl #fitnessmodel #fitness #fitfam #fitspo #igfitness #bootybuilding #weightloss #cardio #igfitness #cleaneating  #aesthetics #physique #figure #bikini #abs #sixpack  #npc #hiit #bootcamp #train #exercise #workoutvideo #personaltrainer #miamibeach;https://scontent-mad1-1.cdninstagram.com/vp/abad0da9e42aae1ccac5665a46be7370/5B3940C8/t51.2885-15/e35/16463989_1817190085202028_993802655736266752_n.jpg;https://www.instagram.com/p/BQDclk5jrPo/;3 de febrero de 2017;;
title;Ab combo : 1/2 Turkish get up / single leg windmill. Aim for 3 sets of 10 reps per side. Happy Monday 💪💕 🇪🇸 Ejercicio para los abdominales. Tratar 3 series de 10 repeticiones cada lado . Feliz lunes 👊🏻. #glutes #core #legs #gluteos #fitgirl #fitnessmodel #fitness #fitfam #fitspo #igfitness #bootybuilding #weightloss #cardio #igfitness #cleaneating  #aesthetics #physique #figure #bikini #abs #sixpack  #npc #hiit #bootcamp #train #exercise #workoutvideo #personaltrainer #miamibeach;https://scontent-mad1-1.cdninstagram.com/vp/4863f8e35838d2481e4e5937d44a15ca/5ABB20DB/t51.2885-15/e15/16229379_144955269348332_3876465184461553664_n.jpg;https://www.instagram.com/p/BQLT_YZDAx1/;6 de febrero de 2017;;
title;Leg combo: weighted box jumps/ side step ups. Works legs|| glutes|| core and cardio. Aim for 3 sets of 10 reps per leg. Happy #humpday 🍑🇪🇸 Ejercicio de piernas y glúteos. Hacer 3 series de 10 repeticiones cada pierna #glutes #core #legs #gluteos #fitgirl #fitnessmodel #fitness #fitfam #fitspo #igfitness #bootybuilding #weightloss #cardio #igfitness #cleaneating  #aesthetics #physique #figure #bikini #abs #sixpack  #npc #hiit #bootcamp #train #exercise #workoutvideo #personaltrainer #miamibeach;https://scontent-mad1-1.cdninstagram.com/vp/ccb729d818b5477366ffab9abaa3bfa4/5ABBADE2/t51.2885-15/e15/16230174_1422841461090330_5644106352914595840_n.jpg;https://www.instagram.com/p/BQQLZMojDrh/;8 de febrero de 2017;;
title;Date with the gym and my @vmisports supplements 💪 Happy Valentine's Day 💕#glutes #core #legs #gluteos #fitgirl #fitnessmodel #fitness #fitfam #fitspo #igfitness #bootybuilding #weightloss #cardio #igfitness #cleaneating  #aesthetics #physique #figure #bikini #abs #sixpack  #npc #hiit #bootcamp #train #exercise #workoutvideo #personaltrainer #miamibeach;https://scontent-mad1-1.cdninstagram.com/vp/90c605981013371cd7812fa7dfcfc6fc/5B33FD16/t51.2885-15/e35/16584083_1843992292540012_9216413287892123648_n.jpg;https://www.instagram.com/p/BQfuG33D-5-/;14 de febrero de 2017;;
title;Smith machine Sumo squat - hold heel lift. Works butt|| inner thighs|| quads|| calves. Try 3 sets of 10 reps per leg. Happy #humpday 🍑🇪🇸 Ejercicio de piernas y glúteos #glutes #core #legs #gluteos #fitgirl #fitnessmodel #fitness #fitfam #fitspo #igfitness #bootybuilding #weightloss #cardio #igfitness #cleaneating  #aesthetics #physique #figure #bikini #abs #sixpack  #npc #hiit #bootcamp #train #exercise #workoutvideo #personaltrainer #miamibeach;https://scontent-mad1-1.cdninstagram.com/vp/7731aecd3869b50b6d1cacc5be79625c/5ABB8D94/t51.2885-15/e15/16788812_741950799313989_6018542894565031936_n.jpg;https://www.instagram.com/p/BQiWIwkDvSW/;15 de febrero de 2017;;
title;Corkscrew push up. Works chest|| biceps|| abs|| obliques. Try 3 sets of 10 reps per side 🇪🇸 Ejercicio de pectorales || abdominales  y oblicuos #glutes #core #legs #gluteos #fitgirl #fitnessmodel #fitness #fitfam #fitspo #igfitness #bootybuilding #weightloss #cardio #igfitness #cleaneating  #aesthetics #physique #figure #bikini #abs #sixpack  #npc #hiit #bootcamp #train #exercise #workoutvideo #personaltrainer #miamibeach;https://scontent-mad1-1.cdninstagram.com/vp/dc5ff91f9502dab27dc59612cffecf33/5ABC2371/t51.2885-15/e15/16584997_1209940485790939_3404976520953856000_n.jpg;https://www.instagram.com/p/BQngWvxB1SX/;17 de febrero de 2017;;
title;Retool your workout! Add TRX moves to tighten all over. Women who did 60 min TRX  sessions cut their body fat by 2 percentage points in two months. Include a few suspension training exercises as substitutes for some conventional exercises or add them into your weekly rotation 👊🏻#glutes #core #legs #gluteos #fitgirl #fitnessmodel #fitness #fitfam #fitspo #igfitness #bootybuilding #weightloss #cardio #igfitness #cleaneating  #aesthetics #physique #figure #bikini #abs #sixpack  #npc #hiit #bootcamp #train #exercise #workoutvideo #personaltrainer #miamibeach;https://scontent-mad1-1.cdninstagram.com/vp/f4a55b699795471f34e791bb14e0712e/5B71A6EB/t51.2885-15/e35/16906090_1920218804876161_4978947361943322624_n.jpg;https://www.instagram.com/p/BQyAPYDBiHA/;21 de febrero de 2017;;
title;Leg burner/ finisher : elevated power side step ups. Works legs|| glutes|| core and cardio. I did 3 sets of 20 reps per side. Happy #humpday🍑 🍑#glutes #core #legs #gluteos #fitgirl #fitnessmodel #fitness #fitfam #fitspo #igfitness #bootybuilding #weightloss #cardio #igfitness #cleaneating  #aesthetics #physique #figure #bikini #abs #sixpack  #npc #hiit #bootcamp #train #exercise #workoutvideo #personaltrainer #miamibeach;https://scontent-mad1-1.cdninstagram.com/vp/bf5784306eb0cf4afba29f931c61d89b/5ABB13ED/t51.2885-15/e15/16908400_1330098730369327_1494903594036494336_n.jpg;https://www.instagram.com/p/BQ0ZCWvBYH-/;22 de febrero de 2017;;
title;Leg burner : ladder banded weighted jump #squats. Works legs|| glutes|| core and cardio. Thank you to my gorgeous fitsis @mswondercece for this super cute and comfy leggings @s2activewear 💕 happy #humpday 🍑🍑;https://scontent-mad1-1.cdninstagram.com/vp/fc82f59849cb276813cf6e0b3cf4903f/5ABBA0C5/t51.2885-15/e15/16908758_1931800310386388_4076421325411844096_n.jpg;https://www.instagram.com/p/BRGmVTbhYfO/;1 de marzo de 2017;;
title;Barbell crawl : incorporate it for a more functional and stable lower body. You can improve balance|| core activation and explosiveness. In turn || the strength you build will translate into better performances on traditional exercises such as squats and deads. READ before you crawl|| while safe || the B.B crawl places significant stress in the knees. Don't rush to up the weight until you nail the technique. Post workout drink : my favorite|| Protolyte @vmisports @vmisports @vmisports;https://scontent-mad1-1.cdninstagram.com/vp/5656c0c49a0a551c31bbde1450fdee0e/5ABB4DF6/t51.2885-15/e15/17075873_229423884195849_7517769991660240896_n.jpg;https://www.instagram.com/p/BRRFh57BXJ-/;5 de marzo de 2017;;
title;Landmine Bulgarian #squat. Works legs|| glutes ||core. Sets: 3 to 4. Reps: 12 to 15. Happy #humpday 🍑;https://scontent-mad1-1.cdninstagram.com/vp/f76878684804cd5262ac70d75c4f2acf/5ABB976D/t51.2885-15/e15/17127192_116891692173535_6143806466156396544_n.jpg;https://www.instagram.com/p/BRYXGcwhiUh/;8 de marzo de 2017;;
title;Happy Flex Friday 💪👊🏻;https://scontent-mad1-1.cdninstagram.com/vp/e466246af66929554ef91859c2ab66ea/5B3D1E03/t51.2885-15/e35/17126763_903297879813462_7232117222951354368_n.jpg;https://www.instagram.com/p/BRdnqjHh-Br/;10 de marzo de 2017;;
title;Multi joint exercise: traveling  banded renegade rows. Works: arms|| back|| core ||legs. Sets: 3. Reps: 10 to right || 10 to the left 💪 happy Sunday #fitfam #functionaltraining;https://scontent-mad1-1.cdninstagram.com/vp/efd8dd57092b001928138d4a46607caa/5ABB447A/t51.2885-15/e15/17265879_388882648153947_4310877602916073472_n.jpg;https://www.instagram.com/p/BRjCJcYha73/;12 de marzo de 2017;;
title;Tuesday combo : #deadlift/ calf  raises . I did 4 sets of 15 reps . Post workout drink : Protolyte @vmisports @vmisports;https://scontent-mad1-1.cdninstagram.com/vp/65bc8d7be10edc30ea8fb2721f792a1e/5ABB9DC7/t51.2885-15/e15/17126908_734761786683341_5325147298236203008_n.jpg;https://www.instagram.com/p/BRoAsP-hMZv/;14 de marzo de 2017;;
title;Leg burner: The Swivel #squat. Do it at the end of your leg workout || 30 reps per side. Happy #humpday 🍑Works: legs|| glutes|| calves and#core;https://scontent-mad1-1.cdninstagram.com/vp/b84cbe83d91fb605bba01faf63917b66/5ABB37C1/t51.2885-15/e15/17333017_785339891620037_7574401832697462784_n.jpg;https://www.instagram.com/p/BRqPJacBViY/;15 de marzo de 2017;;
title;#tbt;https://scontent-mad1-1.cdninstagram.com/vp/cfad373bb1e21b2fa116527aea0d8edf/5B41EFA4/t51.2885-15/e35/17127227_1273714006045732_6914704433808932864_n.jpg;https://www.instagram.com/p/BRtB1BrB_i6/;16 de marzo de 2017;;
title;Don't miss it ! April 1st 🍑 @str82success;https://scontent-mad1-1.cdninstagram.com/vp/e7f7554b77d90403cebd255685486eb8/5B38AD2E/t51.2885-15/e35/17437932_310357689367279_2559346032156606464_n.jpg;https://www.instagram.com/p/BR5vUMjBuOB/;21 de marzo de 2017;;
title;Leg/ glutes combo: bosu ball weighted wall sit /standing  hip thrusters. Sets: 3 Reps: 30. Happy #humpday 🍑#fitgirl #fitnessmodel #fitness #fitfam #fitspo #igfitness #bootybuilding #weightloss #cardio #igfitness #cleaneating  #aesthetics #physique #figure #bikini #abs #sixpack  #npc #hiit #bootcamp #train #exercise #workoutvideo #personaltrainer #miamibeach #bodybuilding #gym\n#gymrat #glutes;https://scontent-mad1-1.cdninstagram.com/vp/42e84216d8e597b404068da54a238d06/5ABBA366/t51.2885-15/e15/17438841_1667399426894654_3572730624911343616_n.jpg;https://www.instagram.com/p/BR8YiSqhAdJ/;22 de marzo de 2017;;
title;Adductors (inner thighs)  and calves  burner: TRX squats/calf raises with heavy medicine ball(20 pounds ) between legs. Sets: 4 Reps: 30 💪🔥#fitgirl #fitnessmodel #fitness #fitfam #fitspo #igfitness #bootybuilding #weightloss #cardio #igfitness #cleaneating  #aesthetics #physique #figure #bikini #abs #sixpack  #npc #hiit #bootcamp #train #exercise #workoutvideo #personaltrainer #miamibeach #bodybuilding #gym\n#gymrat #glutes;https://scontent-mad1-1.cdninstagram.com/vp/517b979826f63e775fcedd2fb923df19/5ABB38B9/t51.2885-15/e15/17438152_280953709002740_7690916452827660288_n.jpg;https://www.instagram.com/p/BR_D7bhhp6T/;23 de marzo de 2017;;
title;Core/ tricep/ shoulder burner. Sets: 3 Time: 30 seconds per side.;https://scontent-mad1-1.cdninstagram.com/vp/c81f7ef887a4514d7f6ce7893bb71f06/5ABB1949/t51.2885-15/e15/17596470_1357631204275584_2836560225215971328_n.jpg;https://www.instagram.com/p/BSMEKGgh6Dv/;28 de marzo de 2017;;
title;Don't miss @vanereggia_fit @str82success #booty #bootcamp 🍑🍑! Saturday April 1st at the best Miami Beach private personal training studio HIPERFIT located at the exclusive #faenadistrict . To get a spot email bodiedbytiffanylee@gmail.com;https://scontent-mad1-1.cdninstagram.com/vp/f0ddbed13fa39491c78931a0f941a74c/5B402C64/t51.2885-15/e35/17662516_861680023972589_2315119391248744448_n.jpg;https://www.instagram.com/p/BSQ8vP1BKe0/;30 de marzo de 2017;;
title;Hiit/ #functionaltraining exercise combo: bosu ball declined burpee/ plank jack/ chest press. Works : upper|| lower body || cardio and core. Sets: 3 Reps: 10.  Post workout protein shake : Protolyte @vmisports 🇪🇸Ejercicio funcional  de Alta intensidad. Trabaja abrazos|| piernas|| abdominales y cardio.;https://scontent-mad1-1.cdninstagram.com/vp/0895f3c57ddae069b64d9db746bfa163/5ABB31BC/t51.2885-15/e15/17663660_280588669021280_9057403127463936000_n.jpg;https://www.instagram.com/p/BSeGZYThgwg/;4 de abril de 2017;;
title;Friday combo: forward lunge/ cable adductor flexion. Works: legs|| glutes|| core and inner thighs. Sets: 4 Reps: 15 per leg. Ankle straps: @b2fitpro 💪💕 get yours with a 10% discount using my code : vanessar;https://scontent-mad1-1.cdninstagram.com/vp/6c51a2d43e82b310d83ae6a849764cf3/5ABBA9BF/t51.2885-15/e15/17819091_203389863490653_423490978045755392_n.jpg;https://www.instagram.com/p/BSlvn8Ohh7z/;7 de abril de 2017;;
title;Leg combo: Smith machine kneeling #squats / power lunges. Works: legs #glutes #core #cardio  Sets: 3 Reps:10 per leg. Happy #humpday 🍑;https://scontent-mad1-1.cdninstagram.com/vp/261677f9c1473e44e89c22160dc05729/5ABB9441/t51.2885-15/e15/17882486_1840670676195805_7081630682820116480_n.jpg;https://www.instagram.com/p/BSysAX6B1d-/;12 de abril de 2017;;
title;Hiit combo  exercise: declined 1/2 burpee/ hip drop/ plank row. Sets: 3 Reps: 10 Works: #legs #cardio #arms #core;https://scontent-mad1-1.cdninstagram.com/vp/14f4e93bb535df36e87129b1a85c6385/5ABC14AF/t51.2885-15/e15/17932298_230718317407621_8269312328416100352_n.jpg;https://www.instagram.com/p/BTCCbaeBEx7/;18 de abril de 2017;;
title;Crossed leg #deadlift Works #legs #glutes #core Sets: 4 Reps: 10 per leg. Post workout drink: Protolyte @vmisports @vmisports Happy #humpday 🍑 🇪🇸Peso muerto con pierna cruzada. Trabaja piernas y #gluteos;https://scontent-mad1-1.cdninstagram.com/vp/e6dbb1df902c6fa597a36b088b1595ff/5ABB9CA3/t51.2885-15/e15/18011344_779901755505937_4080710906818854912_n.jpg;https://www.instagram.com/p/BTEpVQpBTvh/;19 de abril de 2017;;
title;TRX Lateral sled/ plate shuffle: your core is designed to resist rotational movement and stabilize your body|| so walking laterally while pulling a heavy sled is a sure fire way to recruit your obliques. Muscles worked: deltoids|| obliques|| adductors|| abductors. Sets: 3 Reps: 20 per side;https://scontent-mad1-1.cdninstagram.com/vp/8dd5ad2bfad5497d1c7b70d162ff3769/5ABB34B8/t51.2885-15/e15/18094784_214226585732063_6916174154437754880_n.jpg;https://www.instagram.com/p/BTPDF5GBXbK/;23 de abril de 2017;;
title;Wednesday combo: Smith machine reverse step ups/ pistol #squats .Muscles worked: #legs #glutes #core . Sets: 3 Reps: 10 per leg . Postworkout drink: Protolyte @vmisports @vmisports ✌🏻️🇪🇸 Ejercicio de piernas y #gluteos Happy #humpday 🍑;https://scontent-mad1-1.cdninstagram.com/vp/2200a5e073e0bc3cb8d610afa38e663b/5ABB2F2E/t51.2885-15/e15/18094900_1825962147733787_2445175875759505408_n.jpg;https://www.instagram.com/p/BTWcBXtBIAq/;26 de abril de 2017;;
title;Tuesday combo: clean and press/ torso twist. Muscles worked : #legs #core || arms|| shoulders. Sets: 3 Reps: 10 per side;https://scontent-mad1-1.cdninstagram.com/vp/fc6fb42e55705389d42a66febb100296/5ABBB1CA/t51.2885-15/e15/18299819_1093459720797909_483246875214872576_n.jpg;https://www.instagram.com/p/BTmGdHEBxWU/;2 de mayo de 2017;;
title;#tbt @gymbitch 11/10/16;https://scontent-mad1-1.cdninstagram.com/vp/fe4c6666b46786ab0fe116394c1abe09/5B394251/t51.2885-15/e35/18299484_449949908697700_8026030185176367104_n.jpg;https://www.instagram.com/p/BTrAImGhZQh/;4 de mayo de 2017;;
title;Friday combo: clean and press/ walking lunges. Sets: 3 Reps: 12. Muscles worked: #legs #glutes #core arms and shoulders. Post workout protein shake: Protolyte @vmisports @vmisports;https://scontent-mad1-1.cdninstagram.com/vp/505742f2b4ed22394739f16c9bfebe16/5ABB9655/t51.2885-15/e15/18253104_621340994731628_2292158654998118400_n.jpg;https://www.instagram.com/p/BTuAMWaBOyI/;5 de mayo de 2017;;
title;"Happy Tuesday #fitfam 💪let me introduce you to my favorite protein powder Protolyte from @vmisports @vmisports @vmisports  Get yours using my code \""vanessa\"" for a 20% discount";https://scontent-mad1-1.cdninstagram.com/vp/6f26e22b4cfbcb4b2fffd9ed741aad06/5B39BC2F/t51.2885-15/e35/18443502_2255723417986902_5726122292484767744_n.jpg;https://www.instagram.com/p/BT4NeQahsBo/;9 de mayo de 2017;;
title;Wednesday combo: crossed #leg dumbbell #deadlift/ abductor kicks. Muscles worked: #glutes || hamstrings and #core . Sets 3/4 Reps: 10 per leg . Happy #humpday 🍑;https://scontent-mad1-1.cdninstagram.com/vp/f519b4122c64fdf7e8ff77bb877e473b/5ABB2834/t51.2885-15/e15/18444930_604272929777949_1976610281094119424_n.jpg;https://www.instagram.com/p/BT6khAHBkEg/;10 de mayo de 2017;;
title;Hiit combo: declined #burpee/ plank jack/ box jump ( step down ) Sets : Reps: 10 #Muscles worked : #legs #core arms|| shoulders;https://scontent-mad1-1.cdninstagram.com/vp/68d9710dbb095d9729c8998cbb76f784/5ABB536A/t51.2885-15/e15/18513721_682800471930811_3589235273696804864_n.jpg;https://www.instagram.com/p/BUFLaAUhZ9E/;14 de mayo de 2017;;
title;Wednesday combo: curtsy step ups/ side lunges. Works : #legs #glutes #core Sets: 3 Reps: 10 per side. Check out at the end of my video my favorite protein shake : Protolyte @vmisports @vmisports (and I almost fall down 😬😂) Happy #humpday 🍑🍑;https://scontent-mad1-1.cdninstagram.com/vp/96715984f38b096cf2441525cbec53ad/5ABC25DA/t51.2885-15/e15/18512821_760298077485250_4117754948207247360_n.jpg;https://www.instagram.com/p/BUMbynRB1iN/;17 de mayo de 2017;;
title;See you in a week #fitfam ! Going hiking in Machu Picchu (one of the wonders in the world and it's in my country || Peru 🇵🇪) Internet no bueno there :( Happy #humpday 🍑;https://scontent-mad1-1.cdninstagram.com/vp/e69ba5aa5c6c6bb41e1a9450b1ddd7cd/5B6EC233/t51.2885-15/e35/18645069_1733408893624015_8566904457667805184_n.jpg;https://www.instagram.com/p/BUedQ7OBC-L/;24 de mayo de 2017;;
title;Dreams come through ! Machu Picchu || Cuzco-Peru 05/28/17 🇵🇪;https://scontent-mad1-1.cdninstagram.com/vp/8cfbe30a15a14989b1b7c569017eff1d/5B3CE55F/t51.2885-15/e35/18721955_261380297662831_4003883171778134016_n.jpg;https://www.instagram.com/p/BUpmnTIBrtf/;28 de mayo de 2017;;
title;Banded Plate adductor/ abductor push. Muscles worked: inner|| outer thighs|| #core #glutes. Happy #humpday 🍑and  don't forget to check out  @vmisports  with the best supplements on the market such as Vasogen Pump  activating vasodilator as shown in my video 💪👊🏻;https://scontent-mad1-1.cdninstagram.com/vp/cc33aa471589e4a8a30536b13eb2a9eb/5ABBA683/t51.2885-15/e15/18723448_1740589476238838_1084358845716758528_n.jpg;https://www.instagram.com/p/BUwla12h_DM/;31 de mayo de 2017;;
title;Hiit combo : declined single leg #burpee / #plyometric Bulgarian #squat with hand clap. Sets: 3 Reps: 10 per leg 💪💦;https://scontent-mad1-1.cdninstagram.com/vp/67750e802e9f340e382e0421cb6173ab/5ABB3471/t51.2885-15/e15/18809077_113453772580424_4395293205139030016_n.jpg;https://www.instagram.com/p/BU1wTAEB1nW/;2 de junio de 2017;;
title;Wednesday combo: #TRX pistol #squats/ jump squats/ curtsy lunges (that's 1 rep) Sets: 3 Reps: 10 per leg #MUSCLES worked :#legs #glutes #abs Happy #humpday 🍑;https://scontent-mad1-1.cdninstagram.com/vp/db55b92d0b6811cb8d32f35d855cdd34/5ABB0F75/t51.2885-15/e15/18888544_556052644783644_8232868169404907520_n.jpg;https://www.instagram.com/p/BVCh_mwhAvv/;7 de junio de 2017;;
title;#tbt Last #photoshoot 6 months ago...;https://scontent-mad1-1.cdninstagram.com/vp/7d1649b6a36eeba9f1d1837160945c3a/5B3DCABE/t51.2885-15/e35/18950403_466172513715098_7155002743009050624_n.jpg;https://www.instagram.com/p/BVFe6nvB8lA/;8 de junio de 2017;;
title;Glutes and abductors  exercise. Aim for 3 sets of 20 reps @letsbands @letsbands @letsbands @letsbands  Happy #humpday 🍑;https://scontent-mad1-1.cdninstagram.com/vp/a3986b052966a9e88b6e10c9a9bffaaf/5ABBB104/t51.2885-15/e15/19228527_854590558024214_2161056586468950016_n.jpg;https://www.instagram.com/p/BVm1mi-h9Pa/;21 de junio de 2017;;
title;Simple but effective Wednesday combo: plank abductor/ donkey weighted kicks. Muscles worked: #glutes #core || hamstrings || shoulders. Sets: 4 Reps: 20 per side . And don't forget to feed your muscles after working them|| my choice and my favorite protein Protolyte from @vmisports @vmisports @vmisports  Happy #humpday 🍑🍑;https://scontent-mad1-1.cdninstagram.com/vp/71441e59783766cc5028d11d0fb1cd65/5ABB4873/t51.2885-15/e15/19533884_1699906250312458_121058150068518912_n.jpg;https://www.instagram.com/p/BV4tesWBszx/;28 de junio de 2017;;
title;WHY YOU WANT MORE MUSCLE  1️⃣It speeds your metabolism : muscle determines your basal metabolic rate (the number of calories you burn while you are at rest) The more muscle you have the higher your metabolic rate will be. So you can eat more without gaining weight 😉. 2️⃣It gives you energy : workouts build the most important muscle in your body || the heart . It gets bigger and stronger which enables you to workout harder and longer 💪. 3️⃣It helps you live longer : exercise itself prevents desease. But if you do get sick || having stronger muscles helps your body cope with the strain of illness better so you can recover faster 👊🏻;https://scontent-mad1-1.cdninstagram.com/vp/65546da98c49ffc2e350e5495b973e09/5B3878B1/t51.2885-15/e35/19932337_122151201728153_6232964206195376128_n.jpg;https://www.instagram.com/p/BWXzx7NBHB-/;10 de julio de 2017;;
title;Wednesday combo : banded cable jump #squats/ abductor flexion. Works #legs #glutes #core and outer thighs. Sets : 4 Reps: 20\nHappy #humpday 🍑. 🇪🇸Sentadillas con saltos y flexión de abductores. Trabaja #gluteos || piernas y abdominales. Hacer 3 series || 20 repeticiones  @letsbands @letsbands @letsbands 💕;https://scontent-mad1-1.cdninstagram.com/vp/e066f14fa6ff0b99cccffe9f341a8d35/5ABB0AAF/t51.2885-15/e15/19954973_1906353876305407_4519129142486106112_n.jpg;https://www.instagram.com/p/BWc4HXMBKqL/;12 de julio de 2017;;
title;Monday hiit/ full body combo : 2 alternated 20 pounds ball overhead forward walking lunges / ball slam / 2 alternated ball overhead reverse walking lunges (that's 1 rep) Sets: 3 Reps: 10 💪👊🏻. Muscles worked: #legs #glutes #core || shoulders and arms 🇪🇸 Ejercicio funcional que trabaja todo el cuerpo. Hacer 3 series de 10 repeticiones;https://scontent-mad1-1.cdninstagram.com/vp/4cb38e8ffad2fde9373774537aa40989/5ABC297E/t51.2885-15/e15/20184627_125864511356256_7634554013614080000_n.jpg;https://www.instagram.com/p/BWpx4WwB_kP/;17 de julio de 2017;;
title;Happy #humpday 🍑;https://scontent-mad1-1.cdninstagram.com/vp/e8f093158560e54ec7705945b120e1db/5B3B8BC1/t51.2885-15/e35/20066864_1316024978519698_4338185597689528320_n.jpg;https://www.instagram.com/p/BWu3Ye2BbLq/;19 de julio de 2017;;
title;THE ROPE-KETTLEBELL combo allows the wrists and elbows to travel through a flexible range of motion|| which also allows the shoulder joint to do the same. Barbell upright rows lock the wrists and shoulders into a fixed position which can lead to shoulder discomfort. Sets :4 Reps: 12-15\nWorkout gloves : @ultrafitnessgear @ultrafitnessgear @ultrafitnessgear 🇪🇸Ejercicio para los deltoides (hombros) sets: 4 repeticiones: 12-15 Happy flex Friday 💪👊🏻;https://scontent-mad1-1.cdninstagram.com/vp/f0fb2492234badb0a1f2149355d76f4c/5ABBB179/t51.2885-15/e15/20180974_1878055945788643_6250429364287045632_n.jpg;https://www.instagram.com/p/BWz2-TGhE_c/;21 de julio de 2017;;
title;"I drink it it all day long for hydration + muscle recovery + delicious flavor ! AMINOGEN from @vmisports @vmisports @vmisports @vmisports  Happy humpday 🍑 Use code \""vanessa\"" for 20% off";https://scontent-mad1-1.cdninstagram.com/vp/f88fadb5f23508ce3248db9291f0e2f9/5B52AFAF/t51.2885-15/e35/20225842_1570970866268187_5032664208676749312_n.jpg;https://www.instagram.com/p/BXA-M-JB-f8/;26 de julio de 2017;;
title;Full body/ #functionaltraining : #TRX crab walk / heavy plate drag. Works : #legs #glutes #core || triceps. Sets: 3 Reps: 25 per arm (50 total) 🇪🇸 Ejercicio para los triceps 👊🏻;https://scontent-mad1-1.cdninstagram.com/vp/ad223c83ff486bff795e6320c799223e/5ABB4DA9/t51.2885-15/e15/20479350_313038299161117_5584552061510352896_n.jpg;https://www.instagram.com/p/BXQXwAYBpKv/;1 de agosto de 2017;;
title;Happy #humpday 🍑🍑;https://scontent-mad1-1.cdninstagram.com/vp/1c7a4de402f99f509c203b21ea86a75c/5B504E7D/t51.2885-15/e35/20479116_248187335700439_2786156520549646336_n.jpg;https://www.instagram.com/p/BXS6l7thr27/;2 de agosto de 2017;;
title;Core combo: superman/ gator roll/ sit ups/ torso twist wall ball . Works: #abs #glutes || lower back || shoulders . Sets: 3 Reps: 10 per side.🇪🇸 Ejercicio para los abdominales 🔥;https://scontent-mad1-1.cdninstagram.com/vp/a5ffdc30c6feb8408f9a8a8e92783dbc/5ABB997C/t51.2885-15/e15/20635269_183754392165327_1115577399623286784_n.jpg;https://www.instagram.com/p/BXf5bpLBLF7/;7 de agosto de 2017;;
title;Thursday combo: smith machine single leg box #squats / reverse grip shoulder press. Works: #legs #glutes #core biceps and shoulders. Sets: 3 Reps: 10 per leg 🇪🇸Ejercicio de piernas y hombros;https://scontent-mad1-1.cdninstagram.com/vp/4fd0cda730fe95524082d00cd4326738/5ABB3E72/t51.2885-15/e15/20759676_1923725164510988_1193394974301880320_n.jpg;https://www.instagram.com/p/BXng5BNh3fU/;10 de agosto de 2017;;
title;Monday combo: ⏺Forward lunge/ adductor kick ⏺Side lunge / abductor kick ⏺Reverse lunge/ glute kick ▶️Sets: 3 ▶️Reps: 5 per leg 🇪🇸Ejercicio para #piernas y #gluteos  #hiperfitmiamibeach;https://scontent-mad1-1.cdninstagram.com/vp/905171becf9aa15544b8a208a8843685/5ABB455B/t51.2885-15/e15/20838439_124347081534846_98980630892642304_n.jpg;https://www.instagram.com/p/BXx6EZvBDaG/;14 de agosto de 2017;;
title;Happy #humpday 🍑  Shirt: @shyftnutrition @shyftnutrition @shyftnutrition;https://scontent-mad1-1.cdninstagram.com/vp/76839694f3002e7ebacf3a636781c615/5ABB20A9/t51.2885-15/e15/20836891_1108892512576921_6459603776364871680_n.jpg;https://www.instagram.com/p/BX20XSbh6Fz/;16 de agosto de 2017;;
title;Tuesday combo : stiff leg dead lift / Romanian deadlift . High reps light weight (135 pounds)  Sets: 3 Reps: 30 Works: #glutes #core || hamstrings|| lower back.;https://scontent-mad1-1.cdninstagram.com/vp/0c1853bb7f2e35efdbff6decf03e4686/5ABB29D9/t51.2885-15/e15/20905714_880244908818458_2525144589103267840_n.jpg;https://www.instagram.com/p/BYGf42yB2K5/;22 de agosto de 2017;;
title;Happy Flex Friday 💪;https://scontent-mad1-1.cdninstagram.com/vp/d5750c30f08c943b718c3c3cc220514a/5B566A98/t51.2885-15/e35/21147284_259612427890802_6268665735296319488_n.jpg;https://www.instagram.com/p/BYN9oKrh24c/;25 de agosto de 2017;;
title;"3 way barbell step ups: curtsy/ front/ side . Reps: 5 (15 total) Sets: 3. Works : #legs #glutes #core . Happy #humpday 🍑 Post workout drink : Protolyte chocolate peanut butter from @vmisports @vmisports @vmisports @vmisports 😋 Code: \""vanessa\"" 20% off 🙌🏻💪👊🏻";https://scontent-mad1-1.cdninstagram.com/vp/4f9a19996d44d5d1361429b086a558d4/5ABB3DC0/t51.2885-15/e15/21147745_128230554472380_1797475875306864640_n.jpg;https://www.instagram.com/p/BYa4zZKhVBO/;30 de agosto de 2017;;
title;Happy Friday ✌🏻;https://scontent-mad1-1.cdninstagram.com/vp/9876baf6b03b70aedbe0be02e44cf887/5B549B6B/t51.2885-15/e35/21226914_1999618796918308_1423249044024590336_n.jpg;https://www.instagram.com/p/BYgCXvChsgv/;1 de septiembre de 2017;;
title;Tuesday combo: hex bar farmers walk / #squats . Sets:4 Reps: 10 squats-4 steps . Works : #legs #glutes #core . Ps : sorry if I miss your posts || big hurricane coming to Florida 🙏🏻;https://scontent-mad1-1.cdninstagram.com/vp/c4f3088e38dcfcad27a4c27211a76275/5ABB18D9/t51.2885-15/e15/21436084_666095353595788_593070894075609088_n.jpg;https://www.instagram.com/p/BYqslRjh7Mg/;5 de septiembre de 2017;;
title;Pray for Florida 🙏🏻 Pray for us 🙏🏻;https://scontent-mad1-1.cdninstagram.com/vp/b2515a2b448ef9efed820af3afb5b0b0/5B313F2E/t51.2885-15/e35/21373575_187078171836951_6508608751916810240_n.jpg;https://www.instagram.com/p/BYvpiGoBxnt/;7 de septiembre de 2017;;
title;First I want to thank everybody for your kind messages! You guys have a special place in my heart❤️ I'll try to visit everyone's page today.  Wednesday combo: step ups/ gravitron  #glutes push down. Sets: 4 Reps: 15 per leg Happy #humpday 🍑;https://scontent-mad1-1.cdninstagram.com/vp/f23a1e2c599a19cbee111ed23d70d437/5ABB9AEB/t51.2885-15/e15/21576444_131410347490180_131282242407235584_n.jpg;https://www.instagram.com/p/BY_PH7ihaKT/;13 de septiembre de 2017;;
title;😎 #nofilter #unedited #raw;https://scontent-mad1-1.cdninstagram.com/vp/eb6b2f2e6b00f5c5bd613a4d1a4c7be9/5B343C4E/t51.2885-15/e35/18722233_2397111993847278_8592003129854132224_n.jpg;https://www.instagram.com/p/BZJ-tNYBTDi/;17 de septiembre de 2017;;
title;"BENCH FOR ABS : Partially supported dumbbell bench. One of your favorite exercises can help give you a sixpack while pumping up your pecs . Sets: 4 Reps:15 \nPostworkout drink: Protolyte from @vmisports @vmisports @vmisports  Code: \""vanessa\"" 20% off 👊🏻";https://scontent-mad1-1.cdninstagram.com/vp/9fd762171ff8309eb0db745a076ef751/5ABB4FB1/t51.2885-15/e15/21827395_967240040081724_1550538809387515904_n.jpg;https://www.instagram.com/p/BZTlrrwB6-i/;21 de septiembre de 2017;;
title;About last night... Second place in my Pro Figure M debut 🙌🏻👊🏻💪;https://scontent-mad1-1.cdninstagram.com/vp/9d8696e7fc58c1f968692c5bcdc1c475/5B3B30B1/t51.2885-15/e35/21909300_343463366095784_8876419209974775808_n.jpg;https://www.instagram.com/p/BZa_OE5htpw/;24 de septiembre de 2017;;
title;Wednesday combo : 180 degree power lunges combo jump #squats . Add a little spring to your lunge to build power|| strength|| size and athleticism. By combining the lunge( a move that strengthens your  quads || #glutes and hamstrings ) with a vertical jump (an excellent exercise for building raw lower body power) you double up the benefits. And that's exactly why two in one move like this should be in your training arsenal. Exploding up from a lunge and then rotating 180• also challenges balance and coordination. Sets: 4 Reps:10 . Happy #humpday 🍑🍑;https://scontent-mad1-1.cdninstagram.com/vp/cd09bb4f4de9ec6cf333974b30e194c0/5ABBA9B8/t51.2885-15/e15/22070731_1201249500011726_3796244189033791488_n.jpg;https://www.instagram.com/p/BZi35Jqhh_z/;27 de septiembre de 2017;;
title;For more pumps and vascularity ➡️ VASOGEN ( pills and powder) from @vmisports @vmisports @vmisports @vmisports @vmisports @vmisports \nCode: vanessa 20% off💪👊🏻;https://scontent-mad1-1.cdninstagram.com/vp/ba7bd80fa86fb6c0da57a3fb1378272e/5ABB2850/t51.2885-15/e15/21984994_1790046794627321_5729868169686810624_n.jpg;https://www.instagram.com/p/BZl2TRvhX0m/;28 de septiembre de 2017;;
title;Happy Flex Friday 💪👊🏻;https://scontent-mad1-1.cdninstagram.com/vp/9e10294b581a07fee98be3b2501ab132/5B39F7D0/t51.2885-15/e35/21985279_741515559372654_6880690027991400448_n.jpg;https://www.instagram.com/p/BZoGU44B3c1/;29 de septiembre de 2017;;
title;Wednesday combo: single leg press/ single leg HIP THUSTER . Works #legs #glutes . Sets: 4 Reps: 12 per leg. Happy #humpday 🍑🍑;https://scontent-mad1-1.cdninstagram.com/vp/ba511e35dd9e4c959bbf1d0ee690f69a/5ABC162D/t51.2885-15/e15/22159064_1854910531506486_5143646369763819520_n.jpg;https://www.instagram.com/p/BZ0_wLWh815/;4 de octubre de 2017;;
title;Friday combo :TRX single leg squat / 30 pounds kettle bell swings. Works : #legs glutes #core and shoulders . Sets: 3 Reps: 15 per leg. Harder than it looks 💪👊🏻;https://scontent-mad1-1.cdninstagram.com/vp/c08100eb6884cfdd6f8b52a42fc5e4d2/5ABB3303/t51.2885-15/e15/22426683_790654964470532_108278234361102336_n.jpg;https://www.instagram.com/p/BaMFrvsh6Ok/;13 de octubre de 2017;;
title;Happy #humpday 🍑@urbanheatmag;https://scontent-mad1-1.cdninstagram.com/vp/7769cba7bed6701746a44bafc0f3162d/5B3C9C08/t51.2885-15/e35/22500487_874813052667819_3834431125514616832_n.jpg;https://www.instagram.com/p/BaZDJEhhF5p/;18 de octubre de 2017;;
title;Friday combo: cable front raises/ shoulder press (that's 1 rep) . Sets: 4 Reps: 10 per side . Happy #flexfriday 💪👊🏻;https://scontent-mad1-1.cdninstagram.com/vp/05104aa23a52d0b05e6108a787df8faf/5ABB256A/t51.2885-15/e15/22581771_799927450213162_83223718733545472_n.jpg;https://www.instagram.com/p/BaeHl4GBJ0c/;20 de octubre de 2017;;
title;"Your Belly Melting Diet:\n➡️Up your soluble fiber: for every 10 gram increase in daily soluble fiber consumed (fruits|| veggies and beans) visceral fat goes down by 3.7 %  over 5 years ➡️Get more good fat: olive oil|| nuts || avocados ➡️Boost calcium intake : the more calcium consumed the less visceral fat you gain . Good sources are milk || cheese || broccoli and kale 🇪🇸Tips para disolver la grasa de la barriga ➡️ Consumir más fibra || frutas|| verduras y frejoles ➡️Consumir más \""buena grasa\"" como aceite de oliva|| nueces y aguacates ➡️Consumir más calcio como leche|| yougurt|| queso || brócoli y kale";https://scontent-mad1-1.cdninstagram.com/vp/224054d406f415ca25038bb9b9b59892/5B6FF225/t51.2885-15/e35/22710521_164288997491960_4422251310401716224_n.jpg;https://www.instagram.com/p/BaoxcnZB5sg/;24 de octubre de 2017;;
title;Wednesday combo: smith machine banded power jump #squats/ adductor flexión . Works: legs || glutes || core .Sets: 4 Reps: 12 . Happy #humpday 🍑;https://scontent-mad1-1.cdninstagram.com/vp/5e5f09c6353dc44fa3a10e4a175fca98/5ABBA316/t51.2885-15/e15/22794130_925082887648600_5142417188778409984_n.jpg;https://www.instagram.com/p/Baq_Ac6h7ry/;25 de octubre de 2017;;
title;"Aminogex Ultra BCAA supplement is ideally suited for the average #gymrat || weekend warrior or hardcore #bodybuilder . It's precisely formulated to enhance #muscle growth || strength and performance while combating soreness. Get yours using my code \""vanessa\"" for a 20% discount . Happy #humpday 🍑 @vmisports @vmisports @vmisports";https://scontent-mad1-1.cdninstagram.com/vp/c19dd00a6afdc2d06c473eeff5422aad/5B3F180B/t51.2885-15/e35/23099274_285323428653204_2734092299922309120_n.jpg;https://www.instagram.com/p/Ba9Aw0hB7Oq/;1 de noviembre de 2017;;
title;Wednesday combo: banded cable hamstring curls/ abductor flexion. Works hamstrings || abductors|| glutes. Sets: 4 Reps: 12 Happy #humpday 🍑;https://scontent-mad1-1.cdninstagram.com/vp/934b1971e77fa64764c0cd4b63428884/5ABB3925/t51.2885-15/e15/23347363_2030815510527811_7680423538485886976_n.jpg;https://www.instagram.com/p/BbPH3hChNu7/;8 de noviembre de 2017;;
title;Workouts are more fun when you have new workout gear 🙌🏻 💕Leggings @kontraxionclothing @kontraxionclothing @kontraxionclothing  Happy Sunday #fitfam 💪;https://scontent-mad1-1.cdninstagram.com/vp/c6bc92fcba61cc3a6970a24a77eea392/5B34D7AF/t51.2885-15/e35/23498293_1070787749690884_8080513374334484480_n.jpg;https://www.instagram.com/p/BbaGwsKh0fH/;12 de noviembre de 2017;;
title;Wednesday combo : banded smith machine suitcase #deadlift / abductor flexion. Sets: 3 Reps: 12 per leg . Happy #humpday 🍑;https://scontent-mad1-1.cdninstagram.com/vp/0b6ccb3d89ba302f540c11556af6a2ee/5ABB1C5B/t51.2885-15/e15/23596081_142655593047873_6269236648119107584_n.jpg;https://www.instagram.com/p/BbhfOuihjVH/;15 de noviembre de 2017;;
title;4 WAYS TO BUILD MORE MUSCLE !!!\n1️⃣Reverse pyramids : start with the heaviest weight|| fewer reps || when your muscles are less tired and end with the lightest weight more reps  2️⃣Forded Reps : to achieve more reps in a given set than you can physically do on your own || have a spotter help you \n3️⃣Drop sets : after reaching failure on your last set of an exercise || immediately drop the weight by 20-30% and continue till you fall again with the lighter weight . Do 2 sets.  4️⃣Rest - Pause : you'll train beyond failure without using a spotter or lightening the load . Once you fail rest 10 seconds then go to failure again;https://scontent-mad1-1.cdninstagram.com/vp/6a02533588795751e506b59c06a2dad6/5B7135E8/t51.2885-15/e35/23733931_128904117775990_2402078485989294080_n.jpg;https://www.instagram.com/p/BbmVHdNh_Kn/;17 de noviembre de 2017;;
title;Post turkey / pumpkin pie #hiit combo: weighted side step ups/ box jumps . Sets : 3 Reps: 10 per side Works: legs core cardio 💪💦;https://scontent-mad1-1.cdninstagram.com/vp/a5dc5bf5c77f3c32159586cfc10e1e1d/5ABBA6DA/t51.2885-15/e15/23969363_191436784755014_6637979123991969792_n.jpg;https://www.instagram.com/p/Bb40nqlhm9P/;24 de noviembre de 2017;;
title;Pre humpday combo : TRX Bosu ball  pistol #squats / reverse lunges. Works : glutes legs core . Sets : 3 Reps: 10 per leg 💪🍑happy #humpday;https://scontent-mad1-1.cdninstagram.com/vp/6428ee69f0670f307530bad1b372fa54/5ABC0470/t51.2885-15/e15/24177767_1620143391362372_3878022114401320960_n.jpg;https://www.instagram.com/p/BcC-6HkB3f5/;28 de noviembre de 2017;;
title;"My favorite stim  free pump pre workout- VASOGEN @vmisports @vmisports @vmisports @vmisports  Code : \""vanessa\"" 20% off 💪👊🏻";https://scontent-mad1-1.cdninstagram.com/vp/97243b5e2cafea74518cbcf7e7937169/5B56867D/t51.2885-15/e35/24126648_446911089037769_5071033870246215680_n.jpg;https://www.instagram.com/p/BcIHtf1BdBK/;30 de noviembre de 2017;;
title;"Monday combo : banded face down leg raises / scissors . Works : legs || glutes || core @myplayfit @myplayfit @myplayfit @myplayfit  @myplayfit  code : \""vanessa\"" 10% off";https://scontent-mad1-1.cdninstagram.com/vp/4c0278e6c4352fb219bf66e3a74e04b5/5ABBA890/t51.2885-15/e15/24175186_357385081390132_5195444676080959488_n.jpg;https://www.instagram.com/p/BcSTF12hWCv/;4 de diciembre de 2017;;
title;Sunday combo: static hold banded smith machine #squats /alternate knee raises . Works #legs #glutes #core ( hip flexors|| lower abs )  @myplayfit @myplayfit @myplayfit 💪💕;https://scontent-mad1-1.cdninstagram.com/vp/5891c07f6b266637d8c7ce03e23dfea5/5ABB4281/t51.2885-15/e15/25006536_495392724177906_1403937148779888640_n.jpg;https://www.instagram.com/p/BciKOpZBdOT/;10 de diciembre de 2017;;
title;Happy #humpday 🍑;https://scontent-mad1-1.cdninstagram.com/vp/1863557178475e304576ecf1f661cbad/5B42356F/t51.2885-15/e35/25007073_616910298660112_1030417144560484352_n.jpg;https://www.instagram.com/p/BcpeAVvhx3C/;13 de diciembre de 2017;;
title;Wednesday combo : inner / outer thighs flexion with @myplayfit 💪 @myplayfit 👊🏻 @myplayfit 💕 @myplayfit bands !! Works : abductors || adductors || glutes and #core Happy #humpday 🍑🍑 10% off “vanessa”;https://scontent-mad1-1.cdninstagram.com/vp/d92ce520d069077597aba641f7f96a97/5ABB23D5/t51.2885-15/e15/25011785_155759161816376_8722438963056345088_n.jpg;https://www.instagram.com/p/Bc7OEUtAhvd/;20 de diciembre de 2017;;
title;Practicing balance for my upcoming ski trip. This challenging banded bosu ball single leg deadlift is also a killer #glutes 🍑 and hamstrings exercise.  Sets: 3 Reps : 15 per leg . Leggings : @likeitrawbrand @likeitrawbrand @likeitrawbrand @likeitrawbrand;https://scontent-mad1-1.cdninstagram.com/vp/5198ea81c7d9dd680f8e6b2f17ed079b/5ABB937A/t51.2885-15/e15/25037044_146787745977038_5036097889001013248_n.jpg;https://www.instagram.com/p/BdAkeOshSFC/;22 de diciembre de 2017;;
title;Can’t live without my Vasogen and Aminogex from @vmisports 👊🏻 Happy #humpday 🍑 See you guys in a week! Vacation time 😀 Happy New Year 🎉🎊🇪🇸Feliz Año Nuevo 🎊;https://scontent-mad1-1.cdninstagram.com/vp/020de059c4f7d4d24a693d5f75cac1d6/5B54D5EF/t51.2885-15/e35/26070493_595065574218599_2391376952201052160_n.jpg;https://www.instagram.com/p/BdNOZDWB-Ke/;27 de diciembre de 2017;;