"title"":""";"This is something you have to try with your partner!!😂💪💪 #barzquad #barstarzz #calisthenics #barbrothers #streetworkout #fitness #Amsterdam #poledance #Motivation #sportmotivation #inspiration #frontlever #backlever #planche #maltese #fitdutchies #fitanddutch #crossfit #freerunning #ninjawarrior #acrobatics #acroyoga #bodyweightworkout #wco #aesthetics #wswcf #follow4follow #like4like""";https://instagram.fmad8-1.fna.fbcdn.net/vp/e51b59c77b8aeda201befea6ac1e177b/5AB997D3/t51.2885-15/e15/16123115_831353320340135_2003908281478676480_n.jpg;https://www.instagram.com/p/BPXUL9GBeiF/;17 de enero de 2017;;
"title"":""";"Have you seen this woman?!?! @dineke_poleartist\n***CRAZY POWERFUL*** #barzquad #barstarzz #calisthenics #barbrothers #streetworkout #fitness #Amsterdam #poledance #Motivation #sportmotivation #inspiration #frontlever #backlever #planche #maltese #fitdutchies #fitanddutch #crossfit #freerunning #ninjawarrior #acrobatics #acroyoga #bodyweightworkout #wco #aesthetics #wswcf #follow4follow #like4like""";https://instagram.fmad8-1.fna.fbcdn.net/vp/5290d1d563c5d742eaad0d903927262f/5AB9E5D0/t51.2885-15/e15/15047047_120378815138813_6405929707505713152_n.jpg;https://www.instagram.com/p/BPk8GWphnfe/;22 de enero de 2017;;
"title"":""";"***Ninja Warrior NL recordings*** It was so awesome 😋 Stay tuned... #barzquad #barstarzz #calisthenics #barbrothers #streetworkout #fitness #Amsterdam #poledance #Motivation #sportmotivation #inspiration #frontlever #backlever #planche #maltese #fitdutchies #fitanddutch #crossfit #freerunning #ninjawarrior #acrobatics #acroyoga #bodyweightworkout #wco #aesthetics #wswcf #follow4follow #like4like""";https://instagram.fmad8-1.fna.fbcdn.net/vp/a09a1a3ac8276e71ee9001dd79a53600/5B3F7BB8/t51.2885-15/e35/16122795_1219977684759956_7279846704885530624_n.jpg;https://www.instagram.com/p/BPw3kgmh1Fm/;27 de enero de 2017;;
"title"":""";"Do you also have the same Strength & Balance as 🎥 @manuel_roman1989 ?? Tag a buddy who does!! 💪😋👏 #barzquad #barstarzz #calisthenics #barbrothers #streetworkout #fitness #Amsterdam #poledance #Motivation #sportmotivation #inspiration #frontlever #backlever #planche #maltese #fitdutchies #fitanddutch #crossfit #freerunning #ninjawarrior #acrobatics #acroyoga #bodyweightworkout #wco #aesthetics #wswcf #follow4follow #like4like""";https://instagram.fmad8-1.fna.fbcdn.net/vp/455c958191a095676f617477c7bc5b42/5AB9EAF5/t51.2885-15/e15/16464676_367077120342908_2640208785892704256_n.jpg;https://www.instagram.com/p/BQfAYNUjoKp/;14 de febrero de 2017;;
"title"":""";"When you realize you need to stretch more..😅😏 🎥@tditty2\nTag a buddy who could use a stretch!😌👉 #barzquad #barstarzz #calisthenics #barbrothers #streetworkout #fitness #Amsterdam #poledance #Motivation #sportmotivation #inspiration #frontlever #backlever #planche #maltese #fitdutchies #fitanddutch #crossfit #freerunning #ninjawarrior #acrobatics #acroyoga #bodyweightworkout #wco #aesthetics #wswcf #follow4follow #like4like""";https://instagram.fmad8-1.fna.fbcdn.net/vp/6180932a8e8838b6e3022ac27795c307/5ABA2524/t51.2885-15/e15/16464305_253863455053729_5277858982457769984_n.jpg;https://www.instagram.com/p/BQiXvuLhHQl/;15 de febrero de 2017;;
"title"":""";"**Magic or fake??**😰😲 What do you think?? #barzquad #barstarzz #calisthenics #barbrothers #streetworkout #fitness #Amsterdam #poledance #Motivation #sportmotivation #inspiration #frontlever #backlever #planche #maltese #fitdutchies #fitanddutch #crossfit #freerunning #ninjawarrior #acrobatics #acroyoga #bodyweightworkout #wco #aesthetics #wswcf #follow4follow #like4like""";https://instagram.fmad8-1.fna.fbcdn.net/vp/5be7849a467cabdcbcd66dda75c1e2d0/5AB9C283/t51.2885-15/e15/16789977_1805096239813817_1905079486269882368_n.jpg;https://www.instagram.com/p/BQkmqwDhV-M/;16 de febrero de 2017;;
"title"":""";"When the book you are reading is too damn good! \nTag your favorite book readers 📚🤓 @gypsyon__ 💁💪 #barzquad #barstarzz #calisthenics #barbrothers #streetworkout #fitness #Amsterdam #poledance #Motivation #sportmotivation #inspiration #frontlever #backlever #planche #maltese #fitdutchies #fitanddutch #crossfit #freerunning #ninjawarrior #acrobatics #acroyoga #bodyweightworkout #wco #aesthetics #wswcf #follow4follow #like4like""";https://instagram.fmad8-1.fna.fbcdn.net/vp/8260597f5fd41c02d6e5c1d8b8b1b79f/5ABA099A/t51.2885-15/e15/16464241_725762300906472_6522351792565518336_n.jpg;https://www.instagram.com/p/BQk5LS2hlaI/;16 de febrero de 2017;;
"title"":""";"Can you do them all??💪💪😋\nTag your pushup buddy👊👊👉 #barzquad #barstarzz #calisthenics #barbrothers #streetworkout #fitness #Amsterdam #poledance #Motivation #sportmotivation #inspiration #frontlever #backlever #planche #maltese #fitdutchies #fitanddutch #crossfit #freerunning #ninjawarrior #acrobatics #acroyoga #bodyweightworkout #wco #aesthetics #wswcf #follow4follow #like4like""";https://instagram.fmad8-1.fna.fbcdn.net/vp/756d2532bcf05349adb177fea9dd91e4/5AB992ED/t51.2885-15/e15/16789669_1805364169726664_5980505723593818112_n.jpg;https://www.instagram.com/p/BQnJPpzDcfG/;17 de febrero de 2017;;
"title"":""";"Andddd comment first thing that comes to mind😏\n🎥 @omgkim \nTag your naked workout buddy!!😂 #barzquad #barstarzz #calisthenics #barbrothers #streetworkout #fitness #Amsterdam #poledance #Motivation #sportmotivation #inspiration #frontlever #backlever #planche #maltese #fitdutchies #fitanddutch #crossfit #freerunning #ninjawarrior #acrobatics #acroyoga #bodyweightworkout #wco #aesthetics #wswcf #follow4follow #like4like""";https://instagram.fmad8-1.fna.fbcdn.net/vp/9184251f080da67e7ba5a215ed4ad88f/5ABA0B9A/t51.2885-15/e15/16789086_1783696675216653_214243740502458368_n.jpg;https://www.instagram.com/p/BQne9B9DpuA/;17 de febrero de 2017;;
"title"":""";"Think like A champion and train like @cadecowdin💯👍 Tag your gym mate💪\n\n#barzquad #barstarzz #calisthenics #barbrothers #streetworkout #fitness #Amsterdam #poledance #Motivation #sportmotivation #inspiration #frontlever #backlever #planche #maltese #fitdutchies #fitanddutch #crossfit #freerunning #ninjawarrior #acrobatics #acroyoga #bodyweightworkout #wco #aesthetics #wswcf #follow4follow #like4like""";https://instagram.fmad8-1.fna.fbcdn.net/vp/23945223ccdf86fb47b2cddf8d65bc1f/5AB9EE90/t51.2885-15/e15/16788852_238851769856623_7099031974748094464_n.jpg;https://www.instagram.com/p/BQqrLeoD-f9/;18 de febrero de 2017;;
"title"":""";"When you're 115kg but you still got it 👊💪\n🎥 @mamad_ak\n\n#barzquad #barstarzz #calisthenics #barbrothers #streetworkout #fitness #Amsterdam #poledance #Motivation #sportmotivation #inspiration #frontlever #backlever #planche #maltese #fitdutchies #fitanddutch #crossfit #freerunning #ninjawarrior #acrobatics #acroyoga #bodyweightworkout #wco #aesthetics #wswcf #follow4follow #like4like""";https://instagram.fmad8-1.fna.fbcdn.net/vp/80ba361ff4c5a56ef380a30a84ae1fd2/5AB9B5B9/t51.2885-15/e15/16789744_1016598638483997_7388326394687651840_n.jpg;https://www.instagram.com/p/BQsTTNADj_u/;19 de febrero de 2017;;
"title"":""";"What's your favourite core workout?!?!😆👇\n@maxdoutsmith\n\n#barzquad #barstarzz #calisthenics #barbrothers #streetworkout #fitness #Amsterdam #poledance #Motivation #sportmotivation #inspiration #frontlever #backlever #planche #maltese #fitdutchies #fitanddutch #crossfit #freerunning #ninjawarrior #acrobatics #acroyoga #bodyweightworkout #wco #aesthetics #wswcf #follow4follow #like4like""";https://instagram.fmad8-1.fna.fbcdn.net/vp/83fa566d1872ab63f07f4b3ae910fddb/5ABA0446/t51.2885-15/e15/16790350_389397661423928_2463428503219994624_n.jpg;https://www.instagram.com/p/BQseWCPDdNX/;19 de febrero de 2017;;
"title"":""";"Amazing backflip by @ambertorrealba👏💍 That slomo though😳\n\n#barzquad #barstarzz #calisthenics #barbrothers #streetworkout #fitness #Amsterdam #poledance #Motivation #sportmotivation #inspiration #frontlever #backlever #planche #maltese #fitdutchies #fitanddutch #crossfit #freerunning #ninjawarrior #acrobatics #acroyoga #bodyweightworkout #wco #aesthetics #wswcf #follow4follow #like4like""";https://instagram.fmad8-1.fna.fbcdn.net/vp/0f57b48f45e9f388e5ee7b9d3ffcf3a4/5ABA006A/t51.2885-15/e15/16789099_383414965365907_8446075933730799616_n.jpg;https://www.instagram.com/p/BQx7FHlji5G/;21 de febrero de 2017;;
"title"":""";"Anything is possible..👊👊\n@fitness.union\nTag someone who could use some inspiration 😋\n#barzquad #barstarzz #calisthenics #barbrothers #streetworkout #fitness #Amsterdam #poledance #Motivation #sportmotivation #inspiration #frontlever #backlever #planche #maltese #fitdutchies #fitanddutch #crossfit #freerunning #ninjawarrior #acrobatics #acroyoga #bodyweightworkout #wco #aesthetics #wswcf #follow4follow #like4like""";https://instagram.fmad8-1.fna.fbcdn.net/vp/4b0b9a63a28937dbe4f90ec23435ff95/5AB9A704/t51.2885-15/e15/16906546_1428689190539122_3586622464702021632_n.jpg;https://www.instagram.com/p/BQ2MAUjjiYq/;23 de febrero de 2017;;
"title"":""";"If Taylor Swift took Four Lokos while doing Brazilian jiu jitsu...\nGreat warm up before you start rolling for that grappling tournament! \nTag someone who'd benefit from this clip. 🎥@charwakeup @10PATX.\n\n#barzquad #barstarzz #calisthenics #barbrothers #streetworkout #fitness #Amsterdam #poledance #Motivation #sportmotivation #inspiration #frontlever #backlever #planche #maltese #fitdutchies #fitanddutch #crossfit #freerunning #ninjawarrior #acrobatics #acroyoga #bodyweightworkout #wco #aesthetics #wswcf #flexible #jujitsu""";https://instagram.fmad8-1.fna.fbcdn.net/vp/a7606ffae2b5541ad80f284c43eb2201/5AB9A360/t51.2885-15/e15/16908575_384257511950728_6260273605423136768_n.jpg;https://www.instagram.com/p/BQ26-gUjwtC/;23 de febrero de 2017;;
"title"":""";"Daddy goals!💪😅 🎥@wayne_skiv04\n\n#barzquad #barstarzz #calisthenics #barbrothers #streetworkout #fitness #Amsterdam #poledance #Motivation #sportmotivation #inspiration #frontlever #backlever #planche #maltese #fitdutchies #fitanddutch #crossfit #freerunning #ninjawarrior #acrobatics #acroyoga #bodyweightworkout #wco #aesthetics #wswcf #follow4follow #like4like""";https://instagram.fmad8-1.fna.fbcdn.net/vp/2d0f5be69ed1719f09e341a877b3b0d4/5AB9DC1C/t51.2885-15/e15/16789672_154486728397948_5758842208044187648_n.jpg;https://www.instagram.com/p/BQ7WDLbDj1j/;25 de febrero de 2017;;
"title"":""";"People Are Awesome!!!👏😆 #barzquad #barstarzz #calisthenics #barbrothers #streetworkout #fitness #Amsterdam #poledance #Motivation #sportmotivation #inspiration #frontlever #backlever #planche #maltese #fitdutchies #fitanddutch #crossfit #freerunning #ninjawarrior #acrobatics #acroyoga #bodyweightworkout #wco #aesthetics #wswcf #follow4follow #like4like""";https://instagram.fmad8-1.fna.fbcdn.net/vp/cccf2a3e077494a6b5f5d086b521c4a9/5AB9B8AC/t51.2885-15/e15/17076674_1631339950506579_6602973328053370880_n.jpg;https://www.instagram.com/p/BRBRH37DVa0/;27 de febrero de 2017;;
"title"":""";"Here's @nadiashatila with a Pull up Complex to try:\n5 Rounds - 3 weighted pull-ups (35) - 6 strict - 9 Kipping (no butterfly)\n\n#barzquad #barstarzz #calisthenics #barbrothers #streetworkout #fitness #Amsterdam #poledance #Motivation #sportmotivation #inspiration #frontlever #backlever #planche #maltese #fitdutchies #fitanddutch #crossfit #freerunning #ninjawarrior #acrobatics #acroyoga #bodyweightworkout #wco #aesthetics #wswcf #follow4follow #like4like""";https://instagram.fmad8-1.fna.fbcdn.net/vp/d72fcc20e2a799f6c58f8460e55ddc3e/5AB9EB1F/t51.2885-15/e15/16906114_1299537090129136_4789417193974530048_n.jpg;https://www.instagram.com/p/BRGbR_NjIqY/;1 de marzo de 2017;;
"title"":""";"Have you met @shar.barzz from @barzquad ?! 😋😆\nNo your average girl! 💪💪 #barzquad #barstarzz #calisthenics #barbrothers #streetworkout #fitness #Amsterdam #poledance #Motivation #sportmotivation #inspiration #frontlever #backlever #planche #maltese #fitdutchies #fitanddutch #crossfit #freerunning #ninjawarrior #acrobatics #acroyoga #bodyweightworkout #wco #aesthetics #wswcf #follow4follow #like4like""";https://instagram.fmad8-1.fna.fbcdn.net/vp/efbb24f168c7ca384779dfa287ff12c9/5ABA153D/t51.2885-15/e15/16908124_265245490569326_6856473134065778688_n.jpg;https://www.instagram.com/p/BRIpmv-jvMk/;2 de marzo de 2017;;
"title"":""";"Epic Badass!! @remycats 😲😂😉 #barzquad #barstarzz #calisthenics #barbrothers #streetworkout #fitness #Amsterdam #poledance #Motivation #sportmotivation #inspiration #amsterdam #roestamsterdam #planche #maltese #fitdutchies #fitanddutch #crossfit #freerunning #ninjawarrior #acrobatics #acroyoga #bodyweightworkout #badass #scooter #laugh #follow4follow #like4like""";https://instagram.fmad8-1.fna.fbcdn.net/vp/e9a6e57dc60594b2d23f037944fa8263/5AB9DF5A/t51.2885-15/e15/17596658_729741740538296_2320944883025575936_n.jpg;https://www.instagram.com/p/BST9Jrlj0GH/;31 de marzo de 2017;;
"title"":""";"**Tonight 8:30 PM my semi finale @nlninjawarrior on @sbs6** #barzquad #barstarzz #calisthenics #barbrothers #streetworkout #fitness #Amsterdam #poledance #Motivation #sportmotivation #inspiration #frontlever #backlever #planche #maltese #fitdutchies #fitanddutch #crossfit #freerunning #ninjawarrior #acrobatics #acroyoga #bodyweightworkout #wco #aesthetics #wswcf #follow4follow #like4like""";https://instagram.fmad8-1.fna.fbcdn.net/vp/d472b4cb7759ecd7185b430433b892df/5B39696B/t51.2885-15/e35/17932014_415457365492347_6186452661022228480_n.jpg;https://www.instagram.com/p/BTGj6j8jTas/;20 de abril de 2017;;
"title"":""";"**Ninja Warrior Finals** on Kingsday!! Happy Birthday Willy👑🎉👍😂 #barzquad #barstarzz #calisthenics #barbrothers #streetworkout #fitness #Amsterdam #poledance #Motivation #sportmotivation #inspiration #frontlever #backlever #planche #maltese #fitdutchies #fitanddutch #crossfit #freerunning #ninjawarrior #acrobatics #acroyoga #bodyweightworkout #wco #aesthetics #wswcf #follow4follow #like4like""";https://instagram.fmad8-1.fna.fbcdn.net/vp/b17a46895ddcac5ed2b1cf0cc4da80cf/5B42F9B0/t51.2885-15/e35/18012066_1371355302903798_6333790062412562432_n.jpg;https://www.instagram.com/p/BTYvtXNDDx0/;27 de abril de 2017;;
"title"":""";"Have you already met @shar.barzz ?? Check out her workout at gym \""Calisthenics Amsterdam\"" \nInterested in a training? Send me a PM😊👌 #calisthenicsamsterdam #barzquad #barstarzz #calisthenics #barbrothers #streetworkout #fitness #Amsterdam #poledance #Motivation #sportmotivation #inspiration #fitdutchies #fitanddutch #crossfit #freerunning #ninjawarrior #acrobatics #acroyoga #bodyweightworkout #wco #aesthetics #wswcf #follow4follow #like4like""";https://instagram.fmad8-1.fna.fbcdn.net/vp/369e6d1568c836de5c85273989386d42/5AB9E5C9/t51.2885-15/e15/18094781_1794637290852899_4477170541819592704_n.jpg;https://www.instagram.com/p/BTdtICHDSRg/;29 de abril de 2017;;
"title"":""";"This photo was made in summer 2016 and a lot has changed in the gym. Big shout out to my brothers @basvdeijk_barzquad & @bobvanbuul 💪😋👊 #calisthenicsamsterdam #roestamsterdam #barzquad #barstarzz #calisthenics #barbrothers #streetworkout #fitness #Amsterdam #poledance #Motivation #sportmotivation #inspiration #frontlever #backlever  #fitdutchies #fitanddutch #crossfit #freerunning #ninjawarrior #acrobatics #acroyoga #bodyweightworkout #wco #aesthetics #wswcf #follow4follow #like4like""";https://instagram.fmad8-1.fna.fbcdn.net/vp/569a647611d891cfdc62b1c41a8fb4c3/5B3B7138/t51.2885-15/e35/18251867_428336684188360_4327640941876740096_n.jpg;https://www.instagram.com/p/BTn0qwzjiHJ/;3 de mayo de 2017;;
"title"":""";"Just having fun during calisthenics and try to be even more creative every time 😉 Big shootout 2 my boys @onepunch_barzquad & @basvdeijk_barzquad\n\n#calisthenicsamsterdam\n#roestamsterdam #calisthenics  #barzquad #pushups #muscleup #streetworkout #bodyweighttraining #fit #sports #urban #fitdutchies #fitness #crossfit #amsterdam #video""";https://instagram.fmad8-1.fna.fbcdn.net/vp/9d6cbff9fa387633b242b47c626395b6/5AB9AC81/t51.2885-15/e15/fr/19052120_131093810800702_7628812187800174592_n.jpg;https://www.instagram.com/p/BVIPwlphhbM/;9 de junio de 2017;;
"title"":""";"Almost 20 years later my father still shows me how it's done 😁😂🤘 #fatherandson #fun #flexing #muscle #old #generations #calisthenicsamsterdam #calisthenics #abs #20years #crossfit  #sports #strikeapose #growth #amsterdam #family #people #backintheday #barzquad #bars #barstarzz""";https://instagram.fmad8-1.fna.fbcdn.net/vp/c73b963b827b7f38ab2bcfddbe406eba/5B4F0093/t51.2885-15/e35/19379259_141202579765232_1025350272857145344_n.jpg;https://www.instagram.com/p/BVt8z9_hOpC/;24 de junio de 2017;;
"title"":""";"Getting @michielhuisman (AKA Game of Thrones actor) ready for his new movie 🎬 \""Red sea diving resort\"". Made a happy client and a great new friend 😊\n\n#personaltraining #bodyandmind #calisthenicsamsterdam #calisthenics #barzquad #gettingready #ripped #michielhuisman #dips #training #street #roestamsterdam #bodyweighttraining #fitanddutch #fitness #pushups #crossfit #motivation #aesthetic #fitdutchies""";https://instagram.fmad8-1.fna.fbcdn.net/vp/790c4375b0b539ea903affece08eb939/5B3BF2D4/t51.2885-15/e35/19424735_443874732656560_3332378096044081152_n.jpg;https://www.instagram.com/p/BVzM7c5hJDy/;26 de junio de 2017;;
"title"":""";"WARNING: Girls are taking over the gym!! 🤥😲💪@melanie.driessen & @dineke_poleartist \n#calisthenicsamsterdam #barzquad #barstarzz #calisthenics #gym #fitanddutch #fitgirls #owned #amsterdam #roestamsterdam #streetworkout #motivation #gymnastics #bodyweighttraining #crossfit #ninjawarrior #funny #femalecalisthenics #inspiration #fitnessmodel""";https://instagram.fmad8-1.fna.fbcdn.net/vp/c4d023fd10283cc4a3cda059fed86087/5AB9DD76/t51.2885-15/e15/19436421_1677725965867889_8571901793850621952_n.jpg;https://www.instagram.com/p/BV7AUKsBFBg/;29 de junio de 2017;;
"title"":""";"Have you ever been to Amsterdam?! Here you'll see the \""Rijks Museum\"" and me up side down..😊 #calisthenicsamsterdam #roestamsterdam #barzquad #barstarzz #calisthenics #barbrothers #streetworkout #fitness #Amsterdam #poledance #Motivation #sportmotivation #inspiration #frontlever #backlever #fitdutchies #fitanddutch #crossfit #freerunning #ninjawarrior #acrobatics #acroyoga #bodyweightworkout #wco #aesthetics #wswcf #follow4follow #like4like""";https://instagram.fmad8-1.fna.fbcdn.net/vp/1a88768cbaf2262ab4c3f6973b3591ce/5B510835/t51.2885-15/e35/19534316_324407317983842_8315605719315382272_n.jpg;https://www.instagram.com/p/BV9cVOtBTus/;30 de junio de 2017;;
"title"":""";"Doing one of the things I love the most: Train people💪@skechers_benelux\n#skechers #choosegreatness #calisthenicsamsterdam #roestamsterdam #barzquad #barstarzz #calisthenics #barbrothers #streetworkout #fitness #Amsterdam #poledance #Motivation #sportmotivation #inspiration  #fitdutchies #fitanddutch #crossfit #freerunning #ninjawarrior #acrobatics #acroyoga #bodyweightworkout #wco #aesthetics #wswcf #follow4follow #like4like""";https://instagram.fmad8-1.fna.fbcdn.net/vp/b455e9dd71d8b55363cc64b192c727c3/5B504B73/t51.2885-15/e35/19534610_355510644865851_6120810708742438912_n.jpg;https://www.instagram.com/p/BWAI_6KB__j/;1 de julio de 2017;;
"title"":""";"Showing off with @dineke_poleartist outside Calisthenics Amsterdam by doing a buddy-backlever 💪😄 #calisthenicsamsterdam #roestamsterdam #barzquad #barstarzz #calisthenics #barbrothers #streetworkout #fitness #Amsterdam #poledance #Motivation #sportmotivation #inspiration #frontlever #backlever #fitdutchies #fitanddutch #crossfit #freerunning #ninjawarrior #acrobatics #acroyoga #bodyweightworkout #wco #aesthetics #wswcf #follow4follow #like4like""";https://instagram.fmad8-1.fna.fbcdn.net/vp/d2d358a020fd4884a59960a7da4c0ce0/5B3D6C96/t51.2885-15/e35/19623590_324994961283548_4522862925060243456_n.jpg;https://www.instagram.com/p/BWFQtTUBCX3/;3 de julio de 2017;;
"title"":""";"This was the part where I failed and came 3 cm short at Ninja Warrior NL 😁\n\n#calisthenicsamsterdam #roestamsterdam #barzquad #barstarzz #calisthenics #barbrothers #streetworkout #fitness #Amsterdam #poledance #Motivation #sportmotivation #inspiration #frontlever #backlever #fitdutchies #fitanddutch #crossfit #freerunning #ninjawarrior #acrobatics #acroyoga #bodyweightworkout #wco #aesthetics #wswcf #follow4follow #like4like""";https://instagram.fmad8-1.fna.fbcdn.net/vp/e0973ffa4ece39238646083f9dadd6eb/5B3EBF91/t51.2885-15/e35/19761584_212332122623621_7309700700437479424_n.jpg;https://www.instagram.com/p/BWHuEBBBsCa/;4 de julio de 2017;;
"title"":""";"The artwork is crazy at Calisthenics Amsterdam 😁😄 📸 @melanie.driessen \n#calisthenicsamsterdam #roestamsterdam #barzquad #barstarzz #calisthenics #barbrothers #streetworkout #fitness #Amsterdam #poledance #Motivation #sportmotivation #inspiration #frontlever #backlever #fitdutchies #fitanddutch #crossfit #freerunning #ninjawarrior #acrobatics #acroyoga #bodyweightworkout #wco #aesthetics #wswcf #follow4follow #like4like""";https://instagram.fmad8-1.fna.fbcdn.net/vp/4a5be8fc75ac5e79c366bf4c2ca5f90b/5B374664/t51.2885-15/e35/19764941_1432922280121070_5322984344116002816_n.jpg;https://www.instagram.com/p/BWKWptVhLqE/;5 de julio de 2017;;
"title"":""";"The new generation is getting ready for this big world and let us feel the connection through sports to remember that we're never alone. Shoot out to my little angel for her beautiful  pose 😊😇\n📸 @melanie.driessen \n#calisthenicsamsterdam #roestamsterdam #barzquad #barstarzz #calisthenics #barbrothers #streetworkout #fitness #Amsterdam #poledance #Motivation #sportmotivation #inspiration #frontlever #backlever #fitdutchies #fitanddutch #crossfit #freerunning #ninjawarrior #acrobatics #acroyoga #bodyweightworkout #wco #aesthetics #wswcf #follow4follow #like4like""";https://instagram.fmad8-1.fna.fbcdn.net/vp/b29510080d56ad380122f8d855e66908/5B710D43/t51.2885-15/e35/19761551_1906074269646515_2258110374773522432_n.jpg;https://www.instagram.com/p/BWM75ntB4gb/;6 de julio de 2017;;
"title"":""";"Working on / showing off my hollowback at Roest Amsterdam 👐😁 📸@melanie.driessen\n\n#calisthenicsamsterdam #roestamsterdam #barzquad #barstarzz #calisthenics #barbrothers #streetworkout #fitness #Amsterdam #poledance #Motivation #sportmotivation #inspiration #frontlever #backlever #fitdutchies #fitanddutch #crossfit #freerunning #ninjawarrior #acrobatics #acroyoga #bodyweightworkout #wco #aesthetics #wswcf #follow4follow #like4like""";https://instagram.fmad8-1.fna.fbcdn.net/vp/9bc74ebc99f469b62bdc1c66eeb61598/5B3981EB/t51.2885-15/e35/19932450_969702819836386_2054974480555442176_n.jpg;https://www.instagram.com/p/BWPfwl0BV2d/;7 de julio de 2017;;
"title"":""";"Standing with \""Calisthenics Amsterdam\"" on the Urban Sports Week Amsterdam was a great succes! Thank you all for coming and till next year than we gonna do it BIG 💥😎👊 with @dineke_poleartist #calisthenicsamsterdam #roestamsterdam #barzquad #barstarzz #calisthenics #barbrothers #streetworkout #fitness #Amsterdam #poledance #Motivation #sportmotivation #inspiration #frontlever #backlever #fitdutchies #fitanddutch #crossfit #freerunning #ninjawarrior #acrobatics #acroyoga #bodyweightworkout #wco #aesthetics #wswcf #rijksmuseum #UrbanSportWeekAmsterdam""";https://instagram.fmad8-1.fna.fbcdn.net/vp/fc4043c07d4f5774b8233e61b0e35547/5B38E122/t51.2885-15/e35/19955214_125307071408190_8451909551585755136_n.jpg;https://www.instagram.com/p/BWXPHM7hDXo/;10 de julio de 2017;;
"title"":""";"Just having fun 😄😉 with @melanie.driessen & @dineke_poleartist \n#calisthenicsamsterdam #roestamsterdam #barzquad #barstarzz #calisthenics #barbrothers #streetworkout #fitness #Amsterdam #poledance #Motivation #sportmotivation #inspiration #frontlever #backlever #fitdutchies #fitanddutch #crossfit #freerunning #ninjawarrior #acrobatics #acroyoga #bodyweightworkout #wco #aesthetics #wswcf #follow4follow #like4like""";https://instagram.fmad8-1.fna.fbcdn.net/vp/d6d8f73049c4d419b08a0b1d430f2161/5ABA241E/t51.2885-15/e15/19985477_802625379887760_4652094505267232768_n.jpg;https://www.instagram.com/p/BWZ7qTvBu8y/;11 de julio de 2017;;
"title"":""";"They asked me to train a bunch of influencers in Antwerp and so I did and meet some great new people. After that I worked on my gymnastics skills 😊 📸 @skechers_benelux #choosegreatness #skechers #calisthenicsamsterdam #roestamsterdam #barzquad #barstarzz #calisthenics #barbrothers #streetworkout #fitness #Amsterdam #poledance #Motivation #sportmotivation #inspiration #frontlever #backlever #fitdutchies #fitanddutch #crossfit #freerunning #ninjawarrior #acrobatics #acroyoga #bodyweightworkout #wco #aesthetics #wswcf""";https://instagram.fmad8-1.fna.fbcdn.net/vp/012baa204c4400afce8fde2bc56cb23d/5B38CECC/t51.2885-15/e35/19984492_332449287192784_6836289648222797824_n.jpg;https://www.instagram.com/p/BWcXeJVBIwt/;12 de julio de 2017;;
"title"":""";"Showing off on the Urban Sports Week Amsterdam with @dineke_poleartist and look how crazy flexible she is!! 😲🤥 #calisthenicsamsterdam #roestamsterdam #barzquad #barstarzz #calisthenics #barbrothers #streetworkout #fitness #Amsterdam #poledance #Motivation #sportmotivation #inspiration #frontlever #backlever #fitdutchies #fitanddutch #crossfit #freerunning #ninjawarrior #acrobatics #acroyoga #bodyweightworkout #wco #aesthetics #wswcf #follow4follow #like4like""";https://instagram.fmad8-1.fna.fbcdn.net/vp/80798c72ad36f6dcfa2e1d0ae5ea1f72/5B391887/t51.2885-15/e35/19955123_1918864861695219_8499782665816244224_n.jpg;https://www.instagram.com/p/BWe8bnsh99e/;13 de julio de 2017;;
"title"":""";"During our training I experienced how important it is to keep things fun even when \""@michielhuisman \"" was doing over a thousand reps with bodyweight exercises.\n\nWhen you do this you don't see yourself getting all Rocky Balboa on your workout but more someone who has a focus and a goal what you would really like to achieve without the ego telling you you could do better or lose more weight / get more muscle. \nThe ego is never fulfilled.\n\nHaving fun = Lose the ego. 💪😁 #calisthenicsamsterdam #roestamsterdam #barzquad #barstarzz #calisthenics #barbrothers #streetworkout #fitness #Amsterdam #poledance #Motivation #sportmotivation #inspiration #frontlever #backlever #fitdutchies #fitanddutch #crossfit #freerunning #ninjawarrior #acrobatics #acroyoga #bodyweightworkout #wco #aesthetics #wswcf #follow4follow #like4like""";https://instagram.fmad8-1.fna.fbcdn.net/vp/33f5fe54a1f8456737ac28599c2c81c7/5B7082A1/t51.2885-15/e35/19984934_487882861550961_6076066263438721024_n.jpg;https://www.instagram.com/p/BWhlld6hxBL/;14 de julio de 2017;;
"title"":""";"DID YOU KNOW there are more bikes than people in Amsterdam 😁\nPlus almost everybody drives a stolen one 🙈 📸 @dineke_poleartist \n#calisthenicsamsterdam #roestamsterdam #barzquad #barstarzz #calisthenics #barbrothers #streetworkout #fitness #Amsterdam #poledance #Motivation #sportmotivation #inspiration #frontlever #backlever #fitdutchies #fitanddutch #crossfit #freerunning #ninjawarrior #acrobatics #acroyoga #bodyweightworkout #wco #aesthetics #wswcf #follow4follow #like4like""";https://instagram.fmad8-1.fna.fbcdn.net/vp/f1d6a586aadc85f7094b91852751788c/5B33F861/t51.2885-15/e35/19985451_1403527269739160_8781875817169813504_n.jpg;https://www.instagram.com/p/BWpgI6dh5Ou/;17 de julio de 2017;;
"title"":""";"Standing with a team of sport experts at Calisthenics Amsterdam. Today we tried the new shoe of Skechers and I think they done the job! 😋👌 Thank you all for coming and hope to see y'all soon! 💪\nAnd special thanks to @skechers_benelux for making this happen.\n#choosegreatness #skechers #calisthenicsamsterdam #roestamsterdam #barzquad #barstarzz #calisthenics #barbrothers #streetworkout #fitness #Amsterdam #poledance #Motivation #sportmotivation #inspiration #frontlever #backlever #fitdutchies #fitanddutch #crossfit #freerunning #ninjawarrior #acrobatics #acroyoga #bodyweightworkout #wco #aesthetics #wswcf""";https://instagram.fmad8-1.fna.fbcdn.net/vp/9a3fb20bd327bb39c50e36af55760052/5B45BC5A/t51.2885-15/e35/20065585_251783891981717_1640333544616099840_n.jpg;https://www.instagram.com/p/BWr5fDyh2p0/;18 de julio de 2017;;
"title"":""";"The fun thing about Calisthenics is that you're gonna see the world as one big playground and for me it definitely is. Keep having a creative imagination that makes everything so much cooler 💪😉🦄 📸@dinekeminten \n#calisthenicsamsterdam #roestamsterdam #barzquad #barstarzz #calisthenics #barbrothers #streetworkout #fitness #Amsterdam #poledance #Motivation #sportmotivation #inspiration #frontlever #backlever #fitdutchies #fitanddutch #crossfit #freerunning #ninjawarrior #acrobatics #acroyoga #bodyweightworkout #wco #aesthetics #wswcf #follow4follow #like4like""";https://instagram.fmad8-1.fna.fbcdn.net/vp/a6ad50dd65408424be7ada09f04977be/5B3EB32C/t51.2885-15/e35/20181181_1656288804390352_5379510155295588352_n.jpg;https://www.instagram.com/p/BWuafnShWPX/;19 de julio de 2017;;
"title"":""";"After exploring multiple sports in my lifetime|| I realised the search for balance in the body and mind is one of the most important development's  during my journey. But finding the balance in each other is going to be the most challenging one 😉. Thanks @dinekeminten for finding that out 😊😙""";https://instagram.fmad8-1.fna.fbcdn.net/vp/005f55c928cd07bddb01a7ec28f28fe6/5B2E9889/t51.2885-15/e35/20181313_100673743947580_3272118863067611136_n.jpg;https://www.instagram.com/p/BWxOEGZhvvW/;20 de julio de 2017;;
"title"":""";"Damn right we're getting there! And had a great time during the shoot with the guys from @jimmore.eu 👍😁""";https://instagram.fmad8-1.fna.fbcdn.net/vp/5e2060c5361d9771a2fcbb7034b09f9d/5B4F75F1/t51.2885-15/e35/20181241_113396432642184_95888198604947456_n.jpg;https://www.instagram.com/p/BWznfFXhOCc/;21 de julio de 2017;;
"title"":""";"Why does it looks like I'm always doing the easy part 🤔.. Ow yeah I remember.. THESE GIRLS ARE CRAZY STRONG!! 😲😅 👸@dinekeminten 👸@melanie.driessen \nTag your strongest friend 💪😉>>""";https://instagram.fmad8-1.fna.fbcdn.net/vp/2acfb7ed9eb3d35dc6747c05a5082422/5B39CB6E/t51.2885-15/e35/20225256_1931282030486120_4257524492667977728_n.jpg;https://www.instagram.com/p/BW7MczRBB-d/;24 de julio de 2017;;
"title"":""";"There are 3 element's in Calisthenics. Basics|| holds and freestyle. On the Urban Sports Week Amsterdam I worked on my freestyle element and love to stand upside down on the bar combined with a 360 swing 😁👐\nThanks @Mikkelsamsterdam for the picture and great timing 😉💪""";https://instagram.fmad8-1.fna.fbcdn.net/vp/c42e728c17864605b380feb5601d986b/5B384006/t51.2885-15/e35/20214659_1757183584309159_2105414477695418368_n.jpg;https://www.instagram.com/p/BW95MMCh0rl/;25 de julio de 2017;;
"title"":""";"Me and my happy face during my Holland's Ninja Warrior recordings 😄😅 What a great experience 😌✌""";https://instagram.fmad8-1.fna.fbcdn.net/vp/56023a1b29639dafe1cb6c3c7cbeb4d3/5B744D75/t51.2885-15/e35/20214572_106050876741911_586761106081447936_n.jpg;https://www.instagram.com/p/BXAfPe1BSpP/;26 de julio de 2017;;
"title"":""";"Very basic|| me and the rings. What I like about the rings is that the main focus lies on balance and bodycontrol. After a while I felt that I stopt shaking all the time and mastered the ring control 😌🤘 I recommend to try this out! 💪""";https://instagram.fmad8-1.fna.fbcdn.net/vp/a8cfac7787c37bc68937d7f64d1ed27a/5B380C02/t51.2885-15/e35/20394345_1416091951815181_5788364271343632384_n.jpg;https://www.instagram.com/p/BXC9dnJhZ9u/;27 de julio de 2017;;
"title"":""";"When @dinekeminten and I took this photo we here send away by a security guard on Amsterdam central station. And I understand that it doesn't has to be a circus in public places still I dare you to take the risk and don't let people tell you what to do or what you can't do as long as it come from a good place.\nBe creative and explore! 😊""";https://instagram.fmad8-1.fna.fbcdn.net/vp/af7b90b60b9e664469ecab198a09f389/5B3B22B1/t51.2885-15/e35/20393885_123577984928007_4347547359379456000_n.jpg;https://www.instagram.com/p/BXFmE60hVap/;28 de julio de 2017;;
"title"":""";"**MY FINAL RUN \""NINJA WARRIOR NL\""** 🙄😁\nYou will see me next year! 2.0 😋 @ninjawarriorned \nWho's willing to train with me for next year?! 👐💪🔥""";https://instagram.fmad8-1.fna.fbcdn.net/vp/6545ec2fec61016bda14049dc0a27b71/5AB9E8CF/t51.2885-15/e15/fr/20398325_448599925510422_6954235428765433856_n.jpg;https://www.instagram.com/p/BXNXGSphFdf/;31 de julio de 2017;;
"title"":""";"I needed some fresh air and this way I can perfecty feel the brace of wind along my...hairs.. on my head 🌬 😌✌actually a random handstand photo made in Switzerland by @dinekeminten 😋📸""";https://instagram.fmad8-1.fna.fbcdn.net/vp/e7facea7d1adc37c2114f1acc76f6443/5B463754/t51.2885-15/e35/20482333_1989868604569668_5565237078184165376_n.jpg;https://www.instagram.com/p/BXP4wycB2k_/;1 de agosto de 2017;;
"title"":""";"Question: If we would walk on our hands like we do on our feet now would they be the same in muscle? 🤔💡 made by 📸 @melanie.driessen""";https://instagram.fmad8-1.fna.fbcdn.net/vp/4038d5aa0928d95adad9642f461af2a1/5B50023B/t51.2885-15/e35/20479312_491317017885792_5225288621409435648_n.jpg;https://www.instagram.com/p/BXS5LRTBhrm/;2 de agosto de 2017;;
"title"":""";"For the people who want to try new things: Calisthenics meets Aerial Hoop! 💪😁🔥 sport has so many variety|| try as many as you can whole you can! 🙄🤘""";https://instagram.fmad8-1.fna.fbcdn.net/vp/c92be0967a424d099ba794c4b73d28b3/5B316C21/t51.2885-15/e35/20482070_697767233749646_839109753484345344_n.jpg;https://www.instagram.com/p/BXVSFexhIjB/;3 de agosto de 2017;;
"title"":""";"#gaypride made me put on my leather suit 😋😁 big shout out for acceptance all over the world 💪🦄🔥Now it's time to ride 😎""";https://instagram.fmad8-1.fna.fbcdn.net/vp/f045393f4ec72449bcedeffea5f390c3/5B2E2620/t51.2885-15/e35/20583063_1916627658558912_5085392276629225472_n.jpg;https://www.instagram.com/p/BXaH21dB7J1/;5 de agosto de 2017;;
"title"":""";"During my first encounter with @dinekeminten she said she can do a human flag|| I was like okay cool 😴 than she's like:\"" You can stand on me no problem\""... There's no feet touching the ground people!! 🤔🤤 Follow this girl for more awesome \""not your type of average girl\"" moves 💪🔥""";https://instagram.fmad8-1.fna.fbcdn.net/vp/d8fa3cda234887676ef9c5a6e4280ab0/5B43B1D9/t51.2885-15/e35/20687183_1454877557939240_480800698066272256_n.jpg;https://www.instagram.com/p/BXiKO48hosa/;8 de agosto de 2017;;
"title"":""";"What I like about Acro Yoga is that I'm hanging upside down totally relying on my \""Base\"" partner and she is coaching me what to do and where to go. In the end I stretched as I had never had before like you see on the photo and it was awesome! 😌🙃""";https://instagram.fmad8-1.fna.fbcdn.net/vp/ab4509d512609a9a7bdf3403625c9faa/5B4492F6/t51.2885-15/e35/20635504_1929479507312501_4171572391664680960_n.jpg;https://www.instagram.com/p/BXks60ahZPe/;9 de agosto de 2017;;
"title"":""";"A few years ago I was staying in Bali and like it wasn't already beautiful enough I found a pull-up bar on Gili island made out of bamboo. My happiness level was over 9000! 💪😁🔥""";https://instagram.fmad8-1.fna.fbcdn.net/vp/c70570b9582832dce3be13bcbe622219/5B456034/t51.2885-15/e35/20687850_378143089270933_3778476892877750272_n.jpg;https://www.instagram.com/p/BXnAV7OBnMw/;10 de agosto de 2017;;
"title"":""";"When you zoom in on my face|| which facial expression do you see?! 🤔😂 please let me know in the comments below ⏬ 👍🙄""";https://instagram.fmad8-1.fna.fbcdn.net/vp/7a667f7268ad52da3ce2fe9cdcd675a0/5B443B36/t51.2885-15/e35/20766478_413865919009825_8177827579391115264_n.jpg;https://www.instagram.com/p/BXxgi_JBToT/;14 de agosto de 2017;;
"title"":""";"What do you think is harder to do? This  position or a handstand?👐 Let me know what you think! ⤵😌""";https://instagram.fmad8-1.fna.fbcdn.net/vp/d510a7523716b51fde07d466f624ab68/5B41DEBD/t51.2885-15/e35/20766525_1625984087465628_7138341065924280320_n.jpg;https://www.instagram.com/p/BX0P4wQBmt-/;15 de agosto de 2017;;
"title"":""";"A while ago we had a HIIT (High Interval Intensity Training) for some great athlete's at the Calisthenics Amsterdam Gym made possible by @skechers_belenux and felt great energy! 💪😋 Thanks guys!#choosegreatness #skechers_benelux""";https://instagram.fmad8-1.fna.fbcdn.net/vp/109229289c9c821f09ff02f7539509ab/5ABA2F90/t51.2885-15/e15/20838533_1303179613128247_7933569147135328256_n.jpg;https://www.instagram.com/p/BX2p4dcBOtD/;16 de agosto de 2017;;
"title"":""";"❌❌❌ Really needed this awesome raincoat these days made by #majemdesign Amsterdam Original. Checkout there page #majem !!⛆😁⛆""";https://instagram.fmad8-1.fna.fbcdn.net/vp/7624de69918bd768600b7d476675dd75/5B3EFF0C/t51.2885-15/e35/20969230_1786124524749850_2353043149313540096_n.jpg;https://www.instagram.com/p/BYIud_eHhgg/;23 de agosto de 2017;;
"title"":""";"Done some breakdancing back in the days and really want to work on my powermoves again. Any Amsterdam B-boys who are willing to train? Hit me up! 🤘😄""";https://instagram.fmad8-1.fna.fbcdn.net/vp/f590e1de4b88c4e5fc922b5b52b6c7cc/5B54E142/t51.2885-15/e35/21042066_1985501648395183_1078506265581191168_n.jpg;https://www.instagram.com/p/BYL3aHKHd2I/;24 de agosto de 2017;;
"title"":""";"Last summer vibes in Amsterdam North making some photo's and video's with my good friends Jelle & Barbara. Thanks for some awesome pictures 😊📸""";https://instagram.fmad8-1.fna.fbcdn.net/vp/40e9013539fbf672af5d252ad63df4e1/5B72E4E4/t51.2885-15/e35/20986939_1714412262198200_4090670669690306560_n.jpg;https://www.instagram.com/p/BYNsKtdnY6F/;25 de agosto de 2017;;
"title"":""";"I think Calisthenics and urban environment goes hand in hand. It brings a bit of balance in a unbalanced place don't you think? ☯""";https://instagram.fmad8-1.fna.fbcdn.net/vp/c0f03c7288b977d1545e931bfce0aae3/5B42D68E/t51.2885-15/e35/21147496_125632418079544_5187497328725983232_n.jpg;https://www.instagram.com/p/BYVdRYRnX8H/;28 de agosto de 2017;;
"title"":""";"I thought this was a great place to park myself but still very expensive (€5 for one hour) in the middle of Amsterdam.. 😋☀🌡\n📸 made by @dinekeminten""";https://instagram.fmad8-1.fna.fbcdn.net/vp/0f795e3a1db73008de4174c4f70cc1d5/5B328C43/t51.2885-15/e35/21147280_1480471362029486_5731229150333632512_n.jpg;https://www.instagram.com/p/BYYKhzQHruB/;29 de agosto de 2017;;
"title"":""";"Oldskool gym training|| still can't hold it more than 3 seconds because a \""one arm handstand\"" is freaking hard! 😅\nA handstand says a lot about the mindset of the person because you can not force yourself in a handstand. It takes mental focus and inner strength 😌""";https://instagram.fmad8-1.fna.fbcdn.net/vp/d8d5873af99b7a3f62412881880c0a17/5B40C064/t51.2885-15/e35/21148892_1371712672947506_7604302501659017216_n.jpg;https://www.instagram.com/p/BYa44FSHrCB/;30 de agosto de 2017;;
"title"":""";"Throwing a bachelor party in Las Vegas was CRAZY.. this was the last day and had some problems with my handstand if you know what I mean..🍾🍸🌡💪 Let me hear it for everyone who's been to Vegas! WOOP WOOP!! 😎😁""";https://instagram.fmad8-1.fna.fbcdn.net/vp/3200ea2f4e5624c090a5136113b0fd8b/5B74B9A8/t51.2885-15/e35/21372868_1719482701680033_8678186012335144960_n.jpg;https://www.instagram.com/p/BYsslRvnFYI/;6 de septiembre de 2017;;
"title"":""";"🔞Do you know how NOT fun gambling is? No? \""Just do it\"" and you'll know why.. Instead do a handstand!!💪😌\n-$700.. 🤔☡""";https://instagram.fmad8-1.fna.fbcdn.net/vp/ddbfdffe3ec00034a3fe78a03af8b149/5B3D3A39/t51.2885-15/e35/21690147_124621538135633_9058833806840037376_n.jpg;https://www.instagram.com/p/BY8d1SBnO6k/;12 de septiembre de 2017;;
"title"":""";"First time I post 2 pictures! The first is quite okay but the second it almost slammed my 🌰🌰😂""";https://instagram.fmad8-1.fna.fbcdn.net/vp/5d200143984b8ecddb01ab859bfd75df/5B425230/t51.2885-15/e35/22069942_2002771206662267_7240499027723157504_n.jpg;https://www.instagram.com/p/BZgONsBHzWU/;26 de septiembre de 2017;;
"title"":""";"""";https://instagram.fmad8-1.fna.fbcdn.net/vp/75ee6de2757c964831420b115b439423/5B3178A0/t51.2885-15/e35/21911112_499246133761746_3574868002501296128_n.jpg;https://www.instagram.com/p/BZgON2InqiV/;26 de septiembre de 2017;;
"title"":""";"Calisthenics Amsterdam was asked by Nike to give a presentation at there facility about this awesome sport and show a demo to a big audience!\n\nPeter Daniel|| @dinekeminten and @wesley_calisthenics_amsterdam worked there asses of to make sure it would be a success and it really was!\n\nTo bad we cannot show or tell anything about the presentation because it's highly secret due to some new stuff for next year but still made some cool photo's!\n\nWe want to thank Nike European Headquarters for giving us this opportunity to present Calisthenics on a bigger stage and team-up even more in the future ;-) Cheers|| \nCali020\n#nikeathlete""";https://instagram.fmad8-1.fna.fbcdn.net/vp/152e24b212426b1a153932d86711afac/5B541FA2/t51.2885-15/e35/22427193_2113568062002492_1583580946278383616_n.jpg;https://www.instagram.com/p/BaOOXdIndCx/;14 de octubre de 2017;;
"title"":""";"""";https://instagram.fmad8-1.fna.fbcdn.net/vp/d10596e4379b51d7d043c4987d312d7f/5B371D7A/t51.2885-15/e35/22426709_1403525186432360_7067285766929383424_n.jpg;https://www.instagram.com/p/BaOOXkEnto2/;14 de octubre de 2017;;
"title"":""";"""";https://instagram.fmad8-1.fna.fbcdn.net/vp/59805276a8a63d41ecdb40e5e08623cb/5B352FCE/t51.2885-15/e35/22429679_136149827029380_515354753639645184_n.jpg;https://www.instagram.com/p/BaOOXqHniyp/;14 de octubre de 2017;;
"title"":""";"""";https://instagram.fmad8-1.fna.fbcdn.net/vp/4137a877a02551eb954a92663c5cb3ec/5B360784/t51.2885-15/e35/22426740_2000501620184819_8538159714729459712_n.jpg;https://www.instagram.com/p/BaOOXwWnzQU/;14 de octubre de 2017;;
"title"":""";"I dare you to be different|| don't care what others think. Be unique and express yourself. Grow by helping others and don't think too much with your head!\n*Are you guys with me?! 💪🔥*\nBig thanks to @marcorama for making this awesome photo! 📸""";https://instagram.fmad8-1.fna.fbcdn.net/vp/8834acd337cd100b72956ef4166f031e/5B32984B/t51.2885-15/e35/23733643_130377277673556_7745917593566838784_n.jpg;https://www.instagram.com/p/Bbwv4LyHypu/;21 de noviembre de 2017;;
"title"":""";"Trying to think outside the box by giving my good friend @dennis.van.miltenburg a BOX upside down 🙃 If you guys have any suggestion about how to be even more creative please let me know in the comments ⬇😁 special thanks to @leonhofenk for making the photo 📸👍""";https://instagram.fmad8-1.fna.fbcdn.net/vp/e5602ea41f50f04c2de7299d372e0fc2/5B54C7A4/t51.2885-15/e35/23735629_319135585162061_478387059589906432_n.jpg;https://www.instagram.com/p/BbzVu9CHO1e/;22 de noviembre de 2017;;
"title"":""";"*I'm finally a Fitboy!* 💪😂\nA week ago the guys from @fitboystv came to the gym to make an awesome video by not taking ourselves too serious during a calisthenics training. I'm not a fan of the term \""Fitboy\"" because it implements muscle over brain. But next to that we just had a lot of fun 😁🔥 For the whole video go to and follow FitboysTV: \nhttps://youtu.be/ftgrPVr_tsg""";https://instagram.fmad8-1.fna.fbcdn.net/vp/14a88803b61ea0227f5003a4c9239323/5ABA1DC7/t51.2885-15/e35/23823375_198579967355477_1328565802789502976_n.jpg;https://www.instagram.com/p/Bb1w5svniEv/;23 de noviembre de 2017;;
"title"":""";"Even when the world looks small... just do a handstand 😁 @ planet King Kai 🌍\nHad a awesome day with with people from @theta360official and made this photo with the new Theta V 360 camera! Special thanks to @hellahuizinga for making the photo 📸👍""";https://instagram.fmad8-1.fna.fbcdn.net/vp/756e297a8cc102e71224a51650b21437/5B33BABD/t51.2885-15/e35/23823547_1937993286525499_8948178948030726144_n.jpg;https://www.instagram.com/p/Bb4PkDqn0he/;24 de noviembre de 2017;;
"title"":""";"Back in the days my life looked a bit different and I was almost a adrenaline junkie due to all the crazy things you experience being a cop. Big respect to all my old colleagues for still keeping this awesome country safe 💪❤""";https://instagram.fmad8-1.fna.fbcdn.net/vp/210c77b7912fe48e3e49d584f490b42b/5B3054E4/t51.2885-15/e35/24175347_636817976708290_4299320700621029376_n.jpg;https://www.instagram.com/p/BcPVxUaH9iu/;3 de diciembre de 2017;;
"title"":""";"Yes I have a pull up bar in my bedroom and yes you can do muscle ups before bedtime 😁 also gave an Interview to \""@vrouw_nl\"" magazine and I talked about what it means to be healthy. Hope that you guys can relate to it and use it for your own gains. 💪🌍""";https://instagram.fmad8-1.fna.fbcdn.net/vp/41aa8868205ad1ffa49ac94a0c4db549/5B71D78B/t51.2885-15/e35/24327958_296744990844633_7907223826331598848_n.jpg;https://www.instagram.com/p/BcSF1LhnSiA/;4 de diciembre de 2017;;
"title"":""";"Did you know that a woman named Sarah Chapman walked a distance of 5000m (16||404ft) on her hands in an 8-hour period in 2002...😥😂 Well I'm already glad that I can stand|| alone walk for 8 hours.. > WOULD YOU GIVE THIS A TRY? < 🤔""";https://instagram.fmad8-1.fna.fbcdn.net/vp/e21a9998e1f327ffb748b2101dbfb6d3/5B556F14/t51.2885-15/e35/25009049_997016847121175_5162511176092876800_n.jpg;https://www.instagram.com/p/BcZ5OtYnuXv/;7 de diciembre de 2017;;
"title"":""";"Made this awesome animation with a new toy from @theta360official 📸. It's a new 360 camera and still exploring all the possibilities with my friend @dennis.van.miltenburg 💪 Do you also wanna make some 360 photo's or animations? Pm me or put a shout out in the comments below ⬇🔥""";https://instagram.fmad8-1.fna.fbcdn.net/vp/afa5b70bbaa152743ea5246808e4ac6c/5ABA07F9/t51.2885-15/e35/24845142_1865410807122531_4424347370406281216_n.jpg;https://www.instagram.com/p/BccAahAnrN9/;8 de diciembre de 2017;;
"title"":""";"Just trying something new and to be honest it isn't that heavy|| really looking forward to see @svenborst doing this move 😁🔥💪""";https://instagram.fmad8-1.fna.fbcdn.net/vp/21b1d4c8f09c870a7944e4ba058f2cf9/5AB9B590/t51.2885-15/e35/25013801_136576777055156_1420719965417242624_n.jpg;https://www.instagram.com/p/BckCAh1HN7G/;11 de diciembre de 2017;;
"title"":""";"Maybe should consider a career switch 😁🎅 big respect to @domenico.va for making this look sexy 💪🔥 \""strength & controle\"" 👍""";https://instagram.fmad8-1.fna.fbcdn.net/vp/2fa6437352823509a378fde73039f8a5/5AB9B48C/t51.2885-15/e35/25011077_104979766961170_8510861379337453568_n.jpg;https://www.instagram.com/p/BcmUlaKHj-u/;12 de diciembre de 2017;;
"title"":""";"This is a story of a guy who thinks he's tough and two lady's training at the gym|| but he's getting owned!😂 😌💪🔥 Wait for it!... 📽 @melanie.driessen & @dinekeminten 👩👦👩""";https://instagram.fmad8-1.fna.fbcdn.net/vp/9111c4d5e5a33be1c5b165cdd56359ad/5ABA174D/t51.2885-15/e35/25008188_536041120079823_5276000640303104000_n.jpg;https://www.instagram.com/p/Bco3tzbnmU2/;13 de diciembre de 2017;;
"title"":""";"Really like the superman pushups and talking about superman|| what if Goku fights him who would win? 😏 just put a 👍 if Goku wins and 👌 if superman wins 👊🔥""";https://instagram.fmad8-1.fna.fbcdn.net/vp/882ae5d2c05aabf9c47abda6cde0f15b/5B538EC9/t51.2885-15/e35/25018772_149133375860990_5869332170174103552_n.jpg;https://www.instagram.com/p/Bc11wnBn4vO/;18 de diciembre de 2017;;
"title"":""";"See here how I train my superman (explosive) push-ups!! 💪🔥\n- Start on the knees - Use a resistant band - Try some pushup claps\n- Try to jump a bit to create airtime - Just do it a lot 🔥👊""";https://instagram.fmad8-1.fna.fbcdn.net/vp/cea1e704c1e5fd38c4b9b80ad126c43c/5AB9B2D8/t51.2885-15/e35/25009461_1559402274150832_6569919087944663040_n.jpg;https://www.instagram.com/p/Bc4leKFnIal/;19 de diciembre de 2017;;
"title"":""";"Today we did reps! A lot! - 1 Muscle ups - 3 dips - to failure - 2 min rest - 5 rounds 💪😁🔥\nWith my buddy @antonio_barzquad AKA Letthemusclesdothetalking 😂""";https://instagram.fmad8-1.fna.fbcdn.net/vp/ebb68ff2498a661e7d2e25ab1959c0fe/5ABA1187/t51.2885-15/e35/25007675_940619046091223_3688850447352725504_n.jpg;https://www.instagram.com/p/BdDJSWiHpvr/;23 de diciembre de 2017;;
"title"":""";"Sometimes you just need to chill and start counting your blessings 😁 \nMerry Christmas everyone! 🎄💪🔥""";https://instagram.fmad8-1.fna.fbcdn.net/vp/1bb11984c27df723831df44ebfc5ceee/5B33679E/t51.2885-15/e35/25026264_141047086675667_7840864404059979776_n.jpg;https://www.instagram.com/p/BdFziLyHtRe/;24 de diciembre de 2017;;
"title"":""";"*NEWS FLASH* \""Relationships are about giving and taking|| unfortunately some people take more than there are willing\"". Maybe that's the reason I'm single...🤔😒\nSpecial thanks to @leonhofenk & @dennis.van.miltenburg for this awesome day of shooting!!😁🔥\n•\n•\n•\n•\n•\n#calisthenicsamsterdam #roestamsterdam #rope #barstarzz #calisthenics #relationship #streetworkout #fitness #Amsterdam #urban #motivation #sportmotivation #inspiration #nike #athletics #fitdutchies #fitanddutch #crossfit #ninjawarrior #pulling #bodyweightworkout #fit #aesthetics #goaltrainers #fitness #photoshoot""";https://instagram.fmad8-1.fna.fbcdn.net/vp/08c16da5158b22083397318738718d6f/5B468EFF/t51.2885-15/e35/26072990_1400573043405151_2463909634046427136_n.jpg;https://www.instagram.com/p/BdVKyBqHSWx/;30 de diciembre de 2017;;