0,00	1 KILO de Ayuda
1,00 	1880 bandeja de chocolates caja 250 gr
5,99 	1880 bandeja de mazapanes caja 265 gr
6,29 	1880 bandeja seleccion caja 450 gr
10,49 	1880 turron de alicante estuche 250 gr
8,95 	1880 turron de jijona estuche 250 gr
8,95 	1916 colonia original frasco 200 ml
12,49 	ABREGO cocktail frutos secos barbacoa mix bolsa 200 gr
1,75 	ABREGO cocktail frutos secos chili mix bolsa 200 gr
1,55 	ABRIL aceite de oliva intenso 1o garrafa 3 lt
14,18 	ABRIL aceite de oliva intenso botella 1 lt
4,74 	ABRIL aceite de oliva suave botella 1 lt
4,74 	ABRIL aceite de oliva suave garrafa 5 lt
19,31 	ABRIL aceite de oliva virgen extra botella 1 lt
5,21 	ABRIL aceite de oliva virgen extra botella 500 ml
3,55 	ABRIL aceite refinado de semillas botella 1 lt
1,19 	ABRILSOL aceite de girasol botella 1 lt
1,27 	Acelgas manojo 1 kg
1,19 	ACTIBEL esponja de bano doble accion tonificante bolsa 1 ud
1,10 	ACTIBEL esponja de bano spa doble accion suave bolsa 1 ud
1,52 	ADIDAS colonia champions league arena edition spray 100 ml
14,75 	ADIDAS colonia get ready for her frasco 50 ml
9,95 	ADIDAS colonia get ready for him frasco 50 ml
9,95 	ADIDAS colonia ice dive frasco 100 ml
12,99 	0,00	ADIDAS colonia pure lightness spray 50 ml
7,49 	ADIDAS colonia uefa champions league 2 frasco 100 ml
15,75 	ADIDAS desodorante adipure spray 200 ml
2,95 	ADIDAS desodorante fresh roll on 50 ml
2,00 	ADIDAS desodorante masculino 6 en 1 spray 200 ml
2,69 	ADIDAS desodorante masculino cool&dry 6 en 1 roll on 50 ml
1,99 	ADIDAS gel de ducha 3 en 1 hair body & face active sport bote 400 ml
3,07 	ADIDAS gel de ducha 3 en 1 hair body & face active start bote 400 ml
3,07 	AFFINITY champu antipicores botella 250 ml
5,23 	AFFINITY champu nutritivo para perros todo tipo de razas botella 250 ml
5,23 	AFFINITY champu repelente para perros botella 250 ml
5,23 	AFFLIGEM cerveza rubia botella 30 cl
1,73 	AGUA DE LUNA colonia frasco 100 ml
8,99 	Aguacate bandeja 4 uds
2,15 	Aguacate maduro bandeja 2 uds
3,45 	AGUINAGA mejillon a la marinera en salsa de tomate tarrina 400 gr
2,99 	AGUINAGA mejillon cocido en su jugo bandeja 450 g
2,99 	AGUINAGA pata de pulpo bandeja 200 gr
7,99 	AIRE DE SEVILLA colonia agua de rozas frescas frasco 150 ml
9,99 	AIRE DE SEVILLA pack agua de rosas colonia 150 ml + crema corporal
13,95 	AIRONES queso de extremadura al pimenton de la vera pieza 750 gr
11,49 	AIRWICK ambientador automatico fresh matic lirio de luna recambio 1 ud
4,46 	AIRWICK ambientador automatico fresh matic nenuco recambio 1 ud
4,46 	AIRWICK ambientador automatico fresh matic white bouquet recambio 1 ud
4,46 	0,00	AIRWICK ambientador electrico flores blancas recambio 1 ud
4,40 	AIRWICK ambientador electrico frescor de ropa limpia recambio 1 ud
4,40 	AIRWICK ambientador electrico lirio de luna recambio 1 ud
4,40 	AIRWICK ambientador electrico nenuco aparato + recambio 1 ud
5,65 	AIRWICK ambientador electrico nenuco recambio 1 ud
4,40 	AIRWICK ambientador exotic scents madera de ebano y vainilla pack 2 uds
4,20 	AIRWICK ambientador pure flor frescor ropa limpia spray 250 ml
3,99 	AIRWICK ambientador pure nenuco frescor de colonia spray 250 ml
3,99 	AIRWICK Life escents ambientador electrico delicias de verano recambio 1 ud
5,25 	AIRWICK Life escents ambientador electrico oasis turquesa aparato + recambio
4,19 	AIRWICK Life escents ambientador freshmatic delicias de verano recambio 1 ud
5,25 	Ajetes tiernos bandeja 200 gr
0,99 	Ajo morado malla 250 gr
1,19 	Ajo morado malla 500 gr
2,09 	Ajo morado unidad (75 gr aprox.)
0,37 	ALADDIN algodon magico limpia metales
2,45 	Alas de pollo bolsa (peso aprox. 1.1 Kg)
3,58 	ALBA bocadito de pan ajo y perejil bolsa 120 grs
1,05 	ALBA bocadito de pan jamon y tomate bolsa 110 grs
1,05 	ALBA bocadito de pan tomate y oregano bolsa 120 grs
1,05 	ALBA bocaditos sabor fuet bolsa 110 gr
1,09 	ALBA panatines sabor fuet bolsa 90 gr
1,16 	ALBA rosquilletas con pipas bolsa 70 gr
0,90 	ALBAL bolsa para horno y microondas paquete 5 uds
2,25 	0,00	ALBAL film transparente 2 en 1 frigorifico y microondas 15 m.
1,99 	ALBALI vino tinto DO Valdepenas botella 75 cl
2,45 	ALBO atun claro en aceite de oliva lata 82 grs
2,59 	ALBO atun claro en aceite de oliva pack de 3 latas x 48 grs
4,15 	ALBO atun claro en aceite de oliva virgen extra pack de 3 latas 48 grs
4,15 	ALBO atun claro en aceite de oliva lata 67 gr
1,39 	ALBO atun claro en aceite de oliva pack 3 latas 67 gr
5,15 	ALBO atun claro en aceite de oliva pack de 6 latas x 48 grs
5,19 	ALBO atun claro en aceite de oliva virgen extra bajo en sal pack 3 latas 67 gr
5,15 	ALBO atun claro en aceite de oliva virgen extra lata 82 gr
1,69 	ALBO atun claro en salsa picantona lata 82 gr
2,25 	ALBO bonito del norte en aceite de oliva bajo en sal lata 82 gr
2,89 	ALBO bonito del norte en aceite de oliva lata 67 gr
1,96 	ALBO bonito del norte en aceite de oliva lata 82 grs
2,68 	ALBO bonito del norte en escabeche lata 82 gr
2,89 	ALBO calamares  rellenos en su tinta lata 72 gr
3,05 	ALBO calamares en su tinta lata 72 grs
1,95 	ALBO filetes de caballa del sur en aceite de oliva lata 85 gr
2,47 	ALBO sardinas en escabeche lata 85 grs
1,99 	ALBO sardinas picantonas lata 85 grs
1,99 	ALBO sardinillas en aceite de oliva 8/12 piezas lata 82 gr
2,25 	ALBO trozos de calamares en salsa americana lata 72 gr
1,88 	ALCORTA vino tinto crianza do rioja botella 75 cl
5,85 	ALEX cera incolora especial parquet botella 750 ml
3,99 	0,00	ALHAMBRA cerveza especial pack 6 botellas 25 cl
2,75 	ALHAMBRA cerveza rubia nacional especial lata 33 cl
0,61 	ALHAMBRA cerveza sin alcohol botella 1 lt
1,28 	ALHAMBRA RESERVA 1925 cerveza rubia nacional pack 4 botellas 33 cl
4,35 	Alitas de pollo partidas 520 gr
2,50 	ALLURE bebida de aloe vera con mango botella 50 cl
1,89 	Almendra en cubitos bandeja 150 gr
2,59 	Almendra pelada frita tarrina 200 gr
2,89 	Almendra tostada bandeja 200 gr
2,89 	ALMIRON leche 1 inicia caja 800 gr
17,39 	ALMIRON leche infantil en polvo etapa 2 caja 800 gr
13,69 	ALPRO bebida soja envase 1 lt
1,51 	ALPRO bebida soja ligera envase 1lt
1,51 	ALTOS DE TAMARON vino tinto crianza DO Ribera de Duero botella 75 cl
6,34 	ALTOS DE TAMARON vino tinto DO Ribera de Duero botella 75 cl
3,37 	ALTOS DE TAMARON vino tinto reserva DO Ribera de Duero botella 75 cl
12,51 	ALVINI vermouth blanco aperitivo botella 1 lt
2,05 	ALVINI vermouth rojo aperitivo botella 1 lt
1,87 	AMALUR habas baby  FRASCO 425GR
1,49 	AMALUR patatas paris FRASCO 425 GR
1,12 	AMALUR trufa negra entera frasco 10 gr
3,39 	AMBAR cerveza rubia nacional lata 33 cl
0,64 	AMBAR cerveza rubia nacional pack 9 latas 33 cl
5,50 	AMBAR cerveza SIN GLUTEN botella 33 cl
0,85 	0,00	AMBAR EXPORT cerveza rubia nacional lata 33 cl
0,80 	AMBAR Radler cerveza sabor limon lata 33 cl
0,65 	AMBI PUR ambientador antitabaco spray 300 ml
3,58 	AMBI PUR ambientador de coche aqua recambio 1 ud
3,29 	AMBI PUR ambientador electrico brisa marina recambio 1 ud
3,19 	AMBI PUR ambientador electrico 3volution aire fresco recambio 1 ud
4,40 	AMBI PUR ambientador electrico 3volution tatami japones recambio 1 ud
4,40 	AMBI PUR ambientador electrico aroma aire fresco aparato + recambio 1 ud
5,83 	AMBI PUR ambientador electrico aroma aire fresco recambio 1 ud
3,19 	AMBI PUR ambientador electrico aroma flores elegantes recambio 1 ud
3,19 	AMBI PUR ambientador electrico aroma lavanda recambio 1 ud
3,19 	AMBI PUR ambientador electrico aroma tatami japones aparato + recambio 1 ud
7,69 	AMBI PUR ambientador electrico aroma tatami japones recambio 1 ud
3,19 	AMBI PUR ambientador para coche aroma brisa marina 1 ud
2,99 	AMBI PUR ambientador para coche torrente refrescante aparato + recambio 1 ud
4,90 	AMPERSAND ginebra pink botella 70 cl
14,50 	AMSTEL cerveza 0,0% alcohol lata 33 cl
0,54 	AMSTEL cerveza 0,0% alcohol pack 6 botellas 25 cl
2,14 	AMSTEL cerveza rubia nacional botella 1 l
1,42 	AMSTEL cerveza rubia nacional botella 1 lt
1,02 	AMSTEL cerveza rubia nacional lata 33 cl
0,49 	AMSTEL cerveza rubia nacional lata 33 cl
0,34 	AMSTEL cerveza rubia nacional lata 50 cl
0,79 	AMSTEL cerveza rubia nacional pack 12 latas 33 cl
6,38 	0,00	AMSTEL cerveza rubioa pack 6 botellas 25 cl
2,40 	AMSTEL Oro cerveza tostada botella 33 cl
0,84 	AMSTEL oro cerveza tostada lata 33 cl
0,68 	AMSTEL Radler cerveza sabor limon lata 33 cl
0,57 	Anacardos fritos tarrina 175 gr
3,89 	Anchodinas envase 50 gr
1,45 	ANDRES pikitos de pan bolsa 140 gr
0,82 	ANDRES rebujitos bolsa 300 gr
1,15 	ANDRES regana rusticas bolsa 100 gr
0,89 	ANDRES picos camperos con aceite de oliva y ajonjoli  bolsa 180 gr
1,00 	ANDRES picos pan rustic bolsa 140 gr
1,10 	ANDRES reganas con aceite de oliva y ajonjoli bolsa 170 gr
1,00 	ANETO caldo de navidad 1 lt
4,49 	ANETO caldo de pollo bajo en sal envase 1 lt
3,50 	ANETO caldo de puchero 1 lt
3,59 	ANETO caldo natural de jamon envase 1 lt
3,50 	ANETO caldo natural de pescado envase 1 lt
4,30 	ANETO caldo natural de pollo envase 1,04 lt
3,79 	ANETO caldo natural de pollo envase 500 ml
1,99 	ANETO caldo natural de verduras envase 1 lt
4,31 	ANGULAS AGUINAGA salpicon de mariscos envase 250 gr
4,45 	ANGULO queso fresco tarrina 500 gr
3,99 	Anillas a la romana bandeja 300 gr
3,99 	ANNA CODORNIU cava semiseco ice edition botella 75 cl
9,95 	0,00	ANNA DE CODORNIU cava brut botella 75 cl
8,95 	ANNA DE CODORNIU cava brut nature botella 75 cl
8,95 	ANOUK colonia spray 100 ml
8,99 	ANTANO Pollo limpio unidad (peso aprox. 2065 gr)
7,33 	ANTONIO BANDERAS colonia the golden secret frasco 100 ml
22,50 	Apio bolsa 500 gr
0,89 	APIS magro de cerdo lata 220 gr
1,85 	APIS pate higado cerdo lata 200GR
1,35 	APIS pate a las finas hierbas tarro 160 gr
0,80 	APIS pate de higado sabor intenso pack 3 x 80 gr
2,24 	APIS pate suave pack 3 latas 240 gr
2,15 	APIS sofrito de tomate casero frasco 300 gr
1,32 	APIS tomate frito envase 400 gr
0,60 	APIS tomate frito pack 3 unidades 400 gr
1,69 	APIS tomate fritofrasco 550 gr
1,19 	APPEAL bebida de aloe vera con pomelo y limon botella 50 cl
1,89 	AQUA VELVA after shave locion 200 ml
4,19 	AQUABONA agua mineral natural botella 1.5 lt
0,39 	AQUABONA agua mineral natural botella 2.5 l
0,75 	AQUABONA agua mineral natural botella 5 l
1,00 	AQUARADE bebida refrescante aromatizada naranja botella 1.5 lt
1,19 	AQUAREL agua mineral botella 33 cl
0,47 	AQUAREL agua mineral natural botella 1.5 lt
0,42 	AQUAREL agua mineral natural botella 2 l
0,43 	0,00	AQUAREL agua mineral natural botella 33 cl con tapon sport
0,34 	AQUAREL agua mineral natural botella 5 l
1,05 	AQUAREL agua mineral natural botella 50 cl
0,39 	AQUARIUS bebida refrescante aromatizada limon botella 1.5 lt
1,51 	AQUARIUS bebida refrescante aromatizada limon botella 50 cl
1,03 	AQUARIUS bebida refrescante aromatizada limon lata 33 cl
0,67 	AQUARIUS bebida refrescante aromatizada limon pack 2 botellas 1.5 lt
2,90 	AQUARIUS bebida refrescante aromatizada limon pack 4 botellas 1.5 lt
5,68 	AQUARIUS bebida refrescante aromatizada limon pack 9 latas 33 cl
5,58 	AQUARIUS bebida refrescante aromatizada naranja botella 1.5 lt
1,51 	AQUARIUS bebida refrescante aromatizada naranja lata 33 cl
0,67 	AQUARIUS bebida refrescante aromatizada naranja pack 2 botellas 1.5 lt
2,90 	AQUARIUS bebida refrescante aromatizada naranja pack 4 botellas 1.5 lt
5,68 	AQUARIUS Zero bebida refrescante aromatizada limon botella 1.5 lt
1,51 	AQUARIUS Zero bebida refrescante aromatizada naranja botella 1.5 lt
1,51 	ARENAS magdalenas concha bolsa 300 gr
1,00 	ARGAL Bonnatur jamon cocido finas lonchas sobre 175 gr
2,19 	ARGAL fuet calidad extra 2 piezas 240 gr
2,00 	ARIAS mantequilla facil de untar barqueta 235 gr
1,95 	ARIAS mantequilla tradicional en porciones 10 uds
1,29 	ARIEL Actilift detergente maquina en polvo maleta 29 + 2 cacitos
8,79 	ARIEL Actilift detergente maquina liquido botella 42 lv
11,99 	ARIEL Actilift detergente maquina liquido concentrado botella 31 lv
8,99 	ARIEL Basico detergente maquina en polvo maleta 60 cacitos
10,99 	0,00	ARIEL Basico detergente maquina liquido botella 31 lv
5,60 	ARIEL Pods detergente maquina 3 en 1 color en capsulas 24 uds
8,99 	ARIEL Pods detergente maquina 3 en 1 en capsulas 14 uds
6,55 	ARIEL Pods detergente maquina en capsulas 24 uds
8,89 	ARIEL Pods detergente maquina fresh sensations en capsulas 24 uds
8,89 	ARIEL Sensations detergente maquina liquido fresh concentrado botella 27 + 3 lv
9,20 	ARLA queso cheddar lonchas envase 150 gr
2,09 	ARLA queso havarti lonchas envase 175 g
2,25 	ARLUY galletas the simpsons mini paquete 500 gr
2,99 	ARLUY Simpson mini galletas chocolateadas de desayuno caja 135 gr
1,00 	Arreglo para puchero (peso aprox. 1.2 Kg)
4,32 	ARROYO Gourmet jamon serrano en lonchas sobre 250 gr
2,76 	ARROYO Gourmet taquitos de jamon serrano envase 2 x 60 gr
2,01 	ARROYO taquitos de jamon serrano envase 2 x 40 gr
0,92 	ARRUABARRENA croissant banado sabor a chocolate paquete 140 gr
1,00 	ARTIACH Artinata galletas de braquillo rellenas de nata paquete  210 grs
1,39 	ARTIACH Chiquilin galletas caja 875 gr
3,25 	ARTIACH Dinosaurus galletas de cereales con chocolate y leche caja 340 gr
2,45 	ARTIACH Dinosaurus galletas de cereales con vitaminas caja 411 gr
2,44 	ARTIACH Dinosaurus huevos galletas caja 140 gr
1,29 	ARTIACH Marbu dorada caja 1 Kg
2,85 	ARTIACH Marbu doradas 0% azucares caja 400 gr
1,99 	ARTUA margarina barqueta 500 g
3,05 	ARTUA margarina maiz barqueta 250 gr
1,25 	0,00	AS alimento  para gatos carne bolsa 4 kg
4,79 	AS alimento  para gatos trozos en gelatina sobres 4x100 gr
1,37 	AS alimento  para gatos trozos en salsa sobres 4x100 gr
1,37 	AS alimento  para perros  de razas pequenas cordero arroz bolsa 2 kg
3,56 	AS alimento completo para loros bolsa 1 Kg
2,69 	AS alimento para canarios bolsa 500 gr
0,89 	AS alimento para gatos complementario malta tubo 100 ml
3,15 	AS alimento para gatos con cordero e higado tarro 100 gr
0,41 	AS alimento para gatos control bolas de pelo rico en salmon con guisantes bolsa 1.5 Kg
3,25 	AS alimento para gatos control tracto urinario con conejo, arroz y guisantes bolsa 1.5 Kg
3,25 	AS alimento para gatos esterilizados bolsa 1,5 kg
5,12 	AS alimento para gatos gourmet mix pescado pack 4 x 85 gr
1,91 	AS alimento para gatos junior bolsa 1,5 kg
4,05 	AS alimento para gatos junior pollo/pavo tarro 100 gr
0,35 	AS alimento para gatos multicomponente carne bolsa 7 Kg
9,87 	AS alimento para gatos multicomponente pescado bolsa 4 kg
4,39 	AS alimento para gatos senior bolsa 1,5 Kg
4,01 	AS alimento para perros adultos con buey bolsa 18 Kg
10,90 	AS alimento para perros adultos mix buey bolsa 15 Kg
9,81 	AS alimento para perros alta energia rico en pollo con arroz bolsa 12 Kg
10,90 	AS alimento para perros completo con buey bolsa 10 Kg
6,49 	AS alimento para perros de razas pequenas con carne y arroz bolsa 4 Kg
6,59 	AS alimento para perros junior con carne tarrina 150 gr
0,49 	AS alimento para perros menu mix completo y variado con buey bolsa 4 Kg
4,19 	0,00	AS alimento para perros mini rico en ave con arroz y guisantes bolsa 1 Kg
2,82 	AS alimento para perros para cachorros bolsa 4 kg
5,80 	AS alimento para perros senior bolsa 3 kg
4,07 	AS alimento para perros senior con carne tarrina 150 gr
0,49 	AS alimento para roedores anillos bolsa 250 gr
1,46 	AS arena absorbente para gatos a base de silica gel bolsa 4 lt
3,55 	AS arena absorbente para gatos bolsa 5 kg
0,89 	AS arena para gatos compacta caja 4 Kg
3,11 	AS arena perfumada para gatos bolsa 5 kg
1,41 	AS barritas con miel para roedores bolsa 2 uds
1,70 	AS barritas con verduras para roedores bolsa 2 uds
1,70 	AS Beauty snack para perros bolsa 150 gr
1,49 	AS bocaditos en gelatina para gatos adultos 12 x 100 gr
3,65 	AS bocaditos en salsa para gatos adultos 12 x 100 gr
3,65 	AS hierba para gatos bandeja 100 gr
1,99 	AS Mix gourmet alimento para gatos con carne tarro 4 x 85 gr
1,91 	AS pate para gatos light tarro 100 gr
0,45 	AS pate para perros con pavo y cordero tarrina 150 gr
0,50 	AS sanck para perros galletas huesitos perro bolsa 500 gr
1,85 	AS Selection alimento para gatos rico en pollo y arroz bolsa 800 gr
2,65 	AS Selection alimento para gatos rico en salmon y arroz bolsa 800 gr
2,65 	AS Selection alimento para perros adultos rico en pollo bolsa 4 Kg
11,55 	AS Selection alimento para perros junior mini rico en pollo bolsa 800 gr
2,15 	AS Selection alimento para perros mini rico en salmon bolsa 2 Kg
5,53 	0,00	AS snack para gatos control bolas de pelo bolsa 60 gr
1,06 	AS snack para gatos de pollo bolsa 60 gr
0,94 	AS snack para gatos sabor salmon bolsa 60 gr
0,89 	AS snack para perros big bones rico en pollo bolsa 2 uds
1,49 	AS snack para perros chuletas rico en buey bolsa 150 gr
1,32 	AS snack para perros con ternera 5 uds
0,79 	AS snack para perros de pollo bolsa 200 gr
1,58 	AS snack para perros dental bolsa 170 gr
1,61 	AS snack para perros energy con vitaminas y L- carnitina bolsa 150 gr
1,59 	AS snack para perros galletas rellenas de carne envase 500 gr
1,29 	AS snack para perros junior huesitos rico en pollo bolsa 100 gr
0,99 	AS snack para perros pequenos sandwich mix bolsa 250 gr
1,19 	AS snack para perros sabor bacon bolsa 120 gr
0,94 	AS snack para perros sabor cordero bolsa 200 gr
1,49 	AS snack para perros salchichas de carne bolsa 53 gr
0,99 	AS snack para perros ternera bolsa 12 uds
1,00 	ASEVI ambientador brisa spray 400 ml
1,99 	ASEVI fregasuelos concentrado aroma naranja botella 900 ml
1,89 	ASEVI fregasuelos concentrado perfume intenso botella 900 ml
1,89 	ASH limpiador desincrustante super pontente 4 en 1 bote 750 ml
2,99 	ASINEZ galleta rizada integral paquete 200 gr
1,00 	ASINEZ galletas abanicos con cobertura de cacao paquete 180 gr
1,00 	ASINEZ galletas animalitos con cobertura de chocolate paquete 180 gr
1,00 	ASINEZ galletas cookies con chips de chocolate paquete 180 gr
1,00 	0,00	ASPIL cocktail de aperitivo bolsa 250 gr
1,39 	ASPIL jojitos gigantes bolsa 160 gr
0,99 	ASPIL mooskys bolsa 75GRS
0,97 	ASPIL palomitas sabor mantquilla phineas and ferb bolsa 90 gr
0,99 	ASPIL snack maiz puntazos bolsa 48G
0,43 	ASPIL super aspitos pack 40GRS
1,01 	ASTURIANA Alpro bebida de coco envase 1 lt
1,93 	ASTURIANA Alpro leche almendras envase 1 lt
1,93 	ASTURIANA leche con fibra botella 1 lt
1,29 	ASTURIANA leche desnatada 0,0%  M.G. envase 1 lt
0,78 	ASTURIANA leche desnatada 0,0% M.G. botella 1.5 lt
1,24 	ASTURIANA leche desnatada botella 1,5 lt
1,24 	ASTURIANA leche desnatada calcio envase 1lt
0,94 	ASTURIANA leche desnatada envase 1 lt
0,78 	ASTURIANA leche entera botella 1,5 lt
1,24 	ASTURIANA leche entera envase 1 lt
0,78 	ASTURIANA leche evaporada 7,5% M.G. envase 340 cl
0,99 	ASTURIANA leche naturcol botella 1lt
1,21 	ASTURIANA leche semidesnatada botella 1,5 lt
1,24 	ASTURIANA leche semidesnatada calcio botella 1 lt
0,94 	ASTURIANA leche semidesnatada envase 1 lt
0,78 	ASTURIANA leche semidesnatada sin lactosa botella 1 lt
0,88 	ASTURIANA leche sin lactosa 0% M.G. botella 1 lt
0,88 	ASTURIANA mantequilla 125 gr
1,19 	0,00	ASTURIANA mantequilla barqueta 250 g
2,29 	ASTURIANA mantequilla ligera facil de untar tarrina 250 gr
2,39 	ASTURIANA mantequilla ligera sin lactosa barqueta 250 gr
2,39 	ASTURIANA nata azucarada spray 250 ml
1,98 	ASTURIANA nata cocinar bote 200 ml
0,75 	ASTURIANA nata liquida ligera para cocinar 5 % M.G envase 500 ml
1,65 	ASTURIANA nata montada ligera spray 250 ml
1,98 	ASTURIANA nata para  montar envase 1lt
3,56 	ASTURIANA nata para cocinar envase 500 ml
1,98 	ASTURIANA nata para montar bote 200 ml
0,85 	ASTURIANA nata para montar envase 500 ml
1,98 	ASTURIANA queso en lonchas envase 180 gr
2,35 	AUARA agua mineral natural sin gas botella 50 cl
0,57 	AUSONIA compresa super alas bolsa 12 uds
1,99 	AUSONIA compresas noche con alas mas larga bolsa 9 uds
1,99 	AUSONIA compresas noche super plus bolsa 10 uds
1,95 	AUSONIA compresas normal alas bolsa 14 uds
1,99 	AUSONIA Discreet compresas de incontinencia extra paquete 10 uds
4,59 	AUSONIA Discreet compresas de incontinencia maxi paquete 12 uds
6,79 	AUSONIA Discreet compresas de incontinencia mini paquete 20 uds
4,59 	AUSONIA Discreet compresas de incontinencia normal paquete 12 uds
4,59 	AUSONIA protege slips normal caja 40 uds
1,52 	AUSONIA sensitive compresa normal con alas bolsa 14 ud
1,65 	Avellanas tostadas tarrina 200 gr
2,99 	0,00	AVENACAO cacao soluble con avena bote 350 gr
3,95 	AVENACOL galletas rusticas con avena bolsa 300 gr
2,39 	AXE colonia daily adrenaline iced musk & ginger spray 100 ml
6,99 	AXE colonia daily signature oud wood & dark vanilla spray 100 ml
6,99 	AXE colonia dark temptation frasco 100 ml
13,99 	AXE desodorante antimanchas singnature spray 150 ml
3,60 	AXE desodorante antitranspirante adrenaline spray 150 ml
3,60 	AXE desodorante dark temptation duplo spray 300 ml
6,75 	AXE desodorante dark tentation spray 150 ml
3,60 	AXE desodorante excite spray 150 ml
3,60 	AXE desodorante marine spray 150 ml
3,60 	AXE desodorante you spray 150 ml
3,60 	AXE dry desodorante dark temptation spray 150 ml
3,60 	AXE gel de ducha black refrescante bote 400 ml
2,89 	AZPILICUETA vino tinto crianza DO rioja botella 75 cl
8,69 	AZUCARERA azucar blanco en azucaritos caja 300 gr
0,99 	AZUCARERA azucar blanco en terrones caja 500 gr
0,89 	AZUCARERA azucar blanco envase 800 gr
0,85 	AZUCARERA azucar blanco paquete 1 kg
0,79 	AZUCARERA azucar glase seda bote 500 gr
2,49 	AZUCARERA azucar moreno de cana en sobres caja 400 gr
1,87 	AZUCARERA azucar moreno de cana envase 800 gr
1,59 	AZUCARERA azucar moreno de cana integral moka intenso paquete 500 gr
1,85 	AZUCARERA azucar moreno de cana integral suave java paquete 500 gr
1,85 	0,00	AZUCARERA azucar moreno integral en terrones caja 500 gr
1,29 	AZUCARERA Life azucar con stevia envase 500 gr
2,50 	AZUR de puig desodorante spray 200 ml
4,99 	BABARIA pack rosa mosqueta cesta 1 ud
11,50 	BABYBEL mini queso edam 6 porciones bolsa 120 gr
0,00	AZUCARERA azucar moreno integral en terrones caja 500 gr
1,29 	AZUCARERA Life azucar con stevia envase 500 gr
2,50 	AZUR de puig desodorante spray 200 ml
4,99 	BABARIA pack rosa mosqueta cesta 1 ud
11,50 	BABYBEL mini queso edam 6 porciones bolsa 120 gr
0,00	AZUCARERA azucar moreno integral en terrones caja 500 gr
1,29 	AZUCARERA Life azucar con stevia envase 500 gr
2,50 	AZUR de puig desodorante spray 200 ml
4,99 	BABARIA pack rosa mosqueta cesta 1 ud
11,50 	BABYBEL mini queso edam 6 porciones bolsa 120 gr
0,00	AZUCARERA azucar moreno integral en terrones caja 500 gr
1,29 	AZUCARERA Life azucar con stevia envase 500 gr
2,50 	AZUR de puig desodorante spray 200 ml
4,99 	BABARIA pack rosa mosqueta cesta 1 ud
11,50 	BABYBEL mini queso edam 6 porciones bolsa 120 gr
0,00	AZUCARERA azucar moreno integral en terrones caja 500 gr
1,29 	AZUCARERA Life azucar con stevia envase 500 gr
2,50 	AZUR de puig desodorante spray 200 ml
4,99 	BABARIA pack rosa mosqueta cesta 1 ud
11,50 	BABYBEL mini queso edam 6 porciones bolsa 120 gr
0,00	AZUCARERA azucar moreno integral en terrones caja 500 gr
1,29 	AZUCARERA Life azucar con stevia envase 500 gr
2,50 	AZUR de puig desodorante spray 200 ml
4,99 	BABARIA pack rosa mosqueta cesta 1 ud
11,50 	BABYBEL mini queso edam 6 porciones bolsa 120 gr
0,00	AZUCARERA azucar moreno integral en terrones caja 500 gr
1,29 	AZUCARERA Life azucar con stevia envase 500 gr
2,50 	AZUR de puig desodorante spray 200 ml
4,99 	BABARIA pack rosa mosqueta cesta 1 ud
11,50 	BABYBEL mini queso edam 6 porciones bolsa 120 gr
0,00	AZUCARERA azucar moreno integral en terrones caja 500 gr
1,29 	AZUCARERA Life azucar con stevia envase 500 gr
2,50 	AZUR de puig desodorante spray 200 ml
4,99 	BABARIA pack rosa mosqueta cesta 1 ud
11,50 	BABYBEL mini queso edam 6 porciones bolsa 120 gr
0,00	AZUCARERA azucar moreno integral en terrones caja 500 gr
1,29 	AZUCARERA Life azucar con stevia envase 500 gr
2,50 	AZUR de puig desodorante spray 200 ml
4,99 	BABARIA pack rosa mosqueta cesta 1 ud
11,50 	BABYBEL mini queso edam 6 porciones bolsa 120 gr
0,00	AZUCARERA azucar moreno integral en terrones caja 500 gr
1,29 	AZUCARERA Life azucar con stevia envase 500 gr
2,50 	AZUR de puig desodorante spray 200 ml
4,99 	BABARIA pack rosa mosqueta cesta 1 ud
11,50 	BABYBEL mini queso edam 6 porciones bolsa 120 gr
0,00	AZUCARERA azucar moreno integral en terrones caja 500 gr
1,29 	AZUCARERA Life azucar con stevia envase 500 gr
2,50 	AZUR de puig desodorante spray 200 ml
4,99 	BABARIA pack rosa mosqueta cesta 1 ud
11,50 	BABYBEL mini queso edam 6 porciones bolsa 120 gr
0,00	AZUCARERA azucar moreno integral en terrones caja 500 gr
1,29 	AZUCARERA Life azucar con stevia envase 500 gr
2,50 	AZUR de puig desodorante spray 200 ml
4,99 	BABARIA pack rosa mosqueta cesta 1 ud
11,50 	BABYBEL mini queso edam 6 porciones bolsa 120 gr
0,00	AZUCARERA azucar moreno integral en terrones caja 500 gr
1,29 	AZUCARERA Life azucar con stevia envase 500 gr
2,50 	AZUR de puig desodorante spray 200 ml
4,99 	BABARIA pack rosa mosqueta cesta 1 ud
11,50 	BABYBEL mini queso edam 6 porciones bolsa 120 gr
0,00	AZUCARERA azucar moreno integral en terrones caja 500 gr
1,29 	AZUCARERA Life azucar con stevia envase 500 gr
2,50 	AZUR de puig desodorante spray 200 ml
4,99 	BABARIA pack rosa mosqueta cesta 1 ud
11,50 	BABYBEL mini queso edam 6 porciones bolsa 120 gr
0,00	AZUCARERA azucar moreno integral en terrones caja 500 gr
1,29 	AZUCARERA Life azucar con stevia envase 500 gr
2,50 	AZUR de puig desodorante spray 200 ml
4,99 	BABARIA pack rosa mosqueta cesta 1 ud
11,50 	BABYBEL mini queso edam 6 porciones bolsa 120 gr
0,00	AZUCARERA azucar moreno integral en terrones caja 500 gr
1,29 	AZUCARERA Life azucar con stevia envase 500 gr
2,50 	AZUR de puig desodorante spray 200 ml
4,99 	BABARIA pack rosa mosqueta cesta 1 ud
11,50 	BABYBEL mini queso edam 6 porciones bolsa 120 gr
0,00	AZUCARERA azucar moreno integral en terrones caja 500 gr
1,29 	AZUCARERA Life azucar con stevia envase 500 gr
2,50 	AZUR de puig desodorante spray 200 ml
4,99 	BABARIA pack rosa mosqueta cesta 1 ud
11,50 	BABYBEL mini queso edam 6 porciones bolsa 120 gr
0,00	AZUCARERA azucar moreno integral en terrones caja 500 gr
1,29 	AZUCARERA Life azucar con stevia envase 500 gr
2,50 	AZUR de puig desodorante spray 200 ml
4,99 	BABARIA pack rosa mosqueta cesta 1 ud
11,50 	BABYBEL mini queso edam 6 porciones bolsa 120 gr
0,00	AZUCARERA azucar moreno integral en terrones caja 500 gr
1,29 	AZUCARERA Life azucar con stevia envase 500 gr
2,50 	AZUR de puig desodorante spray 200 ml
4,99 	BABARIA pack rosa mosqueta cesta 1 ud
11,50 	BABYBEL mini queso edam 6 porciones bolsa 120 gr
0,00	AZUCARERA azucar moreno integral en terrones caja 500 gr
1,29 	AZUCARERA Life azucar con stevia envase 500 gr
2,50 	AZUR de puig desodorante spray 200 ml
4,99 	BABARIA pack rosa mosqueta cesta 1 ud
11,50 	BABYBEL mini queso edam 6 porciones bolsa 120 gr
0,00	AZUCARERA azucar moreno integral en terrones caja 500 gr
1,29 	AZUCARERA Life azucar con stevia envase 500 gr
2,50 	AZUR de puig desodorante spray 200 ml
4,99 	BABARIA pack rosa mosqueta cesta 1 ud
11,50 	BABYBEL mini queso edam 6 porciones bolsa 120 gr
0,00	AZUCARERA azucar moreno integral en terrones caja 500 gr
1,29 	AZUCARERA Life azucar con stevia envase 500 gr
2,50 	AZUR de puig desodorante spray 200 ml
4,99 	BABARIA pack rosa mosqueta cesta 1 ud
11,50 	BABYBEL mini queso edam 6 porciones bolsa 120 gr
0,00	AZUCARERA azucar moreno integral en terrones caja 500 gr
1,29 	AZUCARERA Life azucar con stevia envase 500 gr
2,50 	AZUR de puig desodorante spray 200 ml
4,99 	BABARIA pack rosa mosqueta cesta 1 ud
11,50 	BABYBEL mini queso edam 6 porciones bolsa 120 gr
0,00	AZUCARERA azucar moreno integral en terrones caja 500 gr
1,29 	AZUCARERA Life azucar con stevia envase 500 gr
2,50 	AZUR de puig desodorante spray 200 ml
4,99 	BABARIA pack rosa mosqueta cesta 1 ud
11,50 	BABYBEL mini queso edam 6 porciones bolsa 120 gr
0,00	AZUCARERA azucar moreno integral en terrones caja 500 gr
1,29 	AZUCARERA Life azucar con stevia envase 500 gr
2,50 	AZUR de puig desodorante spray 200 ml
4,99 	BABARIA pack rosa mosqueta cesta 1 ud
11,50 	BABYBEL mini queso edam 6 porciones bolsa 120 gr
0,00	AZUCARERA azucar moreno integral en terrones caja 500 gr
1,29 	AZUCARERA Life azucar con stevia envase 500 gr
2,50 	AZUR de puig desodorante spray 200 ml
4,99 	BABARIA pack rosa mosqueta cesta 1 ud
11,50 	BABYBEL mini queso edam 6 porciones bolsa 120 gr
0,00	AZUCARERA azucar moreno integral en terrones caja 500 gr
1,29 	AZUCARERA Life azucar con stevia envase 500 gr
2,50 	AZUR de puig desodorante spray 200 ml
4,99 	BABARIA pack rosa mosqueta cesta 1 ud
11,50 	BABYBEL mini queso edam 6 porciones bolsa 120 gr
0,00	AZUCARERA azucar moreno integral en terrones caja 500 gr
1,29 	AZUCARERA Life azucar con stevia envase 500 gr
2,50 	AZUR de puig desodorante spray 200 ml
4,99 	BABARIA pack rosa mosqueta cesta 1 ud
11,50 	BABYBEL mini queso edam 6 porciones bolsa 120 gr
0,00	AZUCARERA azucar moreno integral en terrones caja 500 gr
1,29 	AZUCARERA Life azucar con stevia envase 500 gr
2,50 	AZUR de puig desodorante spray 200 ml
4,99 	BABARIA pack rosa mosqueta cesta 1 ud
11,50 	BABYBEL mini queso edam 6 porciones bolsa 120 gr
0,00	AZUCARERA azucar moreno integral en terrones caja 500 gr
1,29 	AZUCARERA Life azucar con stevia envase 500 gr
2,50 	AZUR de puig desodorante spray 200 ml
4,99 	BABARIA pack rosa mosqueta cesta 1 ud
11,50 	BABYBEL mini queso edam 6 porciones bolsa 120 gr
0,00	AZUCARERA azucar moreno integral en terrones caja 500 gr
1,29 	AZUCARERA Life azucar con stevia envase 500 gr
2,50 	AZUR de puig desodorante spray 200 ml
4,99 	BABARIA pack rosa mosqueta cesta 1 ud
11,50 	BABYBEL mini queso edam 6 porciones bolsa 120 gr
0,00	AZUCARERA azucar moreno integral en terrones caja 500 gr
1,29 	AZUCARERA Life azucar con stevia envase 500 gr
2,50 	AZUR de puig desodorante spray 200 ml
4,99 	BABARIA pack rosa mosqueta cesta 1 ud
11,50 	BABYBEL mini queso edam 6 porciones bolsa 120 gr
0,00	AZUCARERA azucar moreno integral en terrones caja 500 gr
1,29 	AZUCARERA Life azucar con stevia envase 500 gr
2,50 	AZUR de puig desodorante spray 200 ml
4,99 	BABARIA pack rosa mosqueta cesta 1 ud
11,50 	BABYBEL mini queso edam 6 porciones bolsa 120 gr
0,00	AZUCARERA azucar moreno integral en terrones caja 500 gr
1,29 	AZUCARERA Life azucar con stevia envase 500 gr
2,50 	AZUR de puig desodorante spray 200 ml
4,99 	BABARIA pack rosa mosqueta cesta 1 ud
11,50 	BABYBEL mini queso edam 6 porciones bolsa 120 gr
0,00	AZUCARERA azucar moreno integral en terrones caja 500 gr
1,29 	AZUCARERA Life azucar con stevia envase 500 gr
2,50 	AZUR de puig desodorante spray 200 ml
4,99 	BABARIA pack rosa mosqueta cesta 1 ud
11,50 	BABYBEL mini queso edam 6 porciones bolsa 120 gr
0,00	AZUCARERA azucar moreno integral en terrones caja 500 gr
1,29 	AZUCARERA Life azucar con stevia envase 500 gr
2,50 	AZUR de puig desodorante spray 200 ml
4,99 	BABARIA pack rosa mosqueta cesta 1 ud
11,50 	BABYBEL mini queso edam 6 porciones bolsa 120 gr
0,00	AZUCARERA azucar moreno integral en terrones caja 500 gr
1,29 	AZUCARERA Life azucar con stevia envase 500 gr
2,50 	AZUR de puig desodorante spray 200 ml
4,99 	BABARIA pack rosa mosqueta cesta 1 ud
11,50 	BABYBEL mini queso edam 6 porciones bolsa 120 gr
0,00	AZUCARERA azucar moreno integral en terrones caja 500 gr
1,29 	AZUCARERA Life azucar con stevia envase 500 gr
2,50 	AZUR de puig desodorante spray 200 ml
4,99 	BABARIA pack rosa mosqueta cesta 1 ud
11,50 	BABYBEL mini queso edam 6 porciones bolsa 120 gr
0,00	AZUCARERA azucar moreno integral en terrones caja 500 gr
1,29 	AZUCARERA Life azucar con stevia envase 500 gr
2,50 	AZUR de puig desodorante spray 200 ml
4,99 	BABARIA pack rosa mosqueta cesta 1 ud
11,50 	BABYBEL mini queso edam 6 porciones bolsa 120 gr
0,00	AZUCARERA azucar moreno integral en terrones caja 500 gr
1,29 	AZUCARERA Life azucar con stevia envase 500 gr
2,50 	AZUR de puig desodorante spray 200 ml
4,99 	BABARIA pack rosa mosqueta cesta 1 ud
11,50 	BABYBEL mini queso edam 6 porciones bolsa 120 gr
0,00	AZUCARERA azucar moreno integral en terrones caja 500 gr
1,29 	AZUCARERA Life azucar con stevia envase 500 gr
2,50 	AZUR de puig desodorante spray 200 ml
4,99 	BABARIA pack rosa mosqueta cesta 1 ud
11,50 	BABYBEL mini queso edam 6 porciones bolsa 120 gr
0,00	AZUCARERA azucar moreno integral en terrones caja 500 gr
1,29 	AZUCARERA Life azucar con stevia envase 500 gr
2,50 	AZUR de puig desodorante spray 200 ml
4,99 	BABARIA pack rosa mosqueta cesta 1 ud
11,50 	BABYBEL mini queso edam 6 porciones bolsa 120 gr
0,00	AZUCARERA azucar moreno integral en terrones caja 500 gr
1,29 	AZUCARERA Life azucar con stevia envase 500 gr
2,50 	AZUR de puig desodorante spray 200 ml
4,99 	BABARIA pack rosa mosqueta cesta 1 ud
11,50 	BABYBEL mini queso edam 6 porciones bolsa 120 gr
0,00	AZUCARERA azucar moreno integral en terrones caja 500 gr
1,29 	AZUCARERA Life azucar con stevia envase 500 gr
2,50 	AZUR de puig desodorante spray 200 ml
4,99 	BABARIA pack rosa mosqueta cesta 1 ud
11,50 	BABYBEL mini queso edam 6 porciones bolsa 120 gr
0,00	AZUCARERA azucar moreno integral en terrones caja 500 gr
1,29 	AZUCARERA Life azucar con stevia envase 500 gr
2,50 	AZUR de puig desodorante spray 200 ml
4,99 	BABARIA pack rosa mosqueta cesta 1 ud
11,50 	BABYBEL mini queso edam 6 porciones bolsa 120 gr
0,00	AZUCARERA azucar moreno integral en terrones caja 500 gr
1,29 	AZUCARERA Life azucar con stevia envase 500 gr
2,50 	AZUR de puig desodorante spray 200 ml
4,99 	BABARIA pack rosa mosqueta cesta 1 ud
11,50 	BABYBEL mini queso edam 6 porciones bolsa 120 gr
0,00	AZUCARERA azucar moreno integral en terrones caja 500 gr
1,29 	AZUCARERA Life azucar con stevia envase 500 gr
2,50 	AZUR de puig desodorante spray 200 ml
4,99 	BABARIA pack rosa mosqueta cesta 1 ud
11,50 	BABYBEL mini queso edam 6 porciones bolsa 120 gr
0,00	AZUCARERA azucar moreno integral en terrones caja 500 gr
1,29 	AZUCARERA Life azucar con stevia envase 500 gr
2,50 	AZUR de puig desodorante spray 200 ml
4,99 	BABARIA pack rosa mosqueta cesta 1 ud
11,50 	BABYBEL mini queso edam 6 porciones bolsa 120 gr
0,00	AZUCARERA azucar moreno integral en terrones caja 500 gr
1,29 	AZUCARERA Life azucar con stevia envase 500 gr
2,50 	AZUR de puig desodorante spray 200 ml
4,99 	BABARIA pack rosa mosqueta cesta 1 ud
11,50 	BABYBEL mini queso edam 6 porciones bolsa 120 gr
0,00	AZUCARERA azucar moreno integral en terrones caja 500 gr
1,29 	AZUCARERA Life azucar con stevia envase 500 gr
2,50 	AZUR de puig desodorante spray 200 ml
4,99 	BABARIA pack rosa mosqueta cesta 1 ud
11,50 	BABYBEL mini queso edam 6 porciones bolsa 120 gr
0,00	AZUCARERA azucar moreno integral en terrones caja 500 gr
1,29 	AZUCARERA Life azucar con stevia envase 500 gr
2,50 	AZUR de puig desodorante spray 200 ml
4,99 	BABARIA pack rosa mosqueta cesta 1 ud
11,50 	BABYBEL mini queso edam 6 porciones bolsa 120 gr
0,00	AZUCARERA azucar moreno integral en terrones caja 500 gr
1,29 	AZUCARERA Life azucar con stevia envase 500 gr
2,50 	AZUR de puig desodorante spray 200 ml
4,99 	BABARIA pack rosa mosqueta cesta 1 ud
11,50 	BABYBEL mini queso edam 6 porciones bolsa 120 gr
0,00	AZUCARERA azucar moreno integral en terrones caja 500 gr
1,29 	AZUCARERA Life azucar con stevia envase 500 gr
2,50 	AZUR de puig desodorante spray 200 ml
4,99 	BABARIA pack rosa mosqueta cesta 1 ud
11,50 	BABYBEL mini queso edam 6 porciones bolsa 120 gr
0,00	AZUCARERA azucar moreno integral en terrones caja 500 gr
1,29 	AZUCARERA Life azucar con stevia envase 500 gr
2,50 	AZUR de puig desodorante spray 200 ml
4,99 	BABARIA pack rosa mosqueta cesta 1 ud
11,50 	BABYBEL mini queso edam 6 porciones bolsa 120 gr
0,00	AZUCARERA azucar moreno integral en terrones caja 500 gr
1,29 	AZUCARERA Life azucar con stevia envase 500 gr
2,50 	AZUR de puig desodorante spray 200 ml
4,99 	BABARIA pack rosa mosqueta cesta 1 ud
11,50 	BABYBEL mini queso edam 6 porciones bolsa 120 gr
0,00	AZUCARERA azucar moreno integral en terrones caja 500 gr
1,29 	AZUCARERA Life azucar con stevia envase 500 gr
2,50 	AZUR de puig desodorante spray 200 ml
4,99 	BABARIA pack rosa mosqueta cesta 1 ud
11,50 	BABYBEL mini queso edam 6 porciones bolsa 120 gr
0,00	AZUCARERA azucar moreno integral en terrones caja 500 gr
1,29 	AZUCARERA Life azucar con stevia envase 500 gr
2,50 	AZUR de puig desodorante spray 200 ml
4,99 	BABARIA pack rosa mosqueta cesta 1 ud
11,50 	BABYBEL mini queso edam 6 porciones bolsa 120 gr
0,00	AZUCARERA azucar moreno integral en terrones caja 500 gr
1,29 	AZUCARERA Life azucar con stevia envase 500 gr
2,50 	AZUR de puig desodorante spray 200 ml
4,99 	BABARIA pack rosa mosqueta cesta 1 ud
11,50 	BABYBEL mini queso edam 6 porciones bolsa 120 gr
0,00	AZUCARERA azucar moreno integral en terrones caja 500 gr
1,29 	AZUCARERA Life azucar con stevia envase 500 gr
2,50 	AZUR de puig desodorante spray 200 ml
4,99 	BABARIA pack rosa mosqueta cesta 1 ud
11,50 	BABYBEL mini queso edam 6 porciones bolsa 120 gr
0,00	AZUCARERA azucar moreno integral en terrones caja 500 gr
1,29 	AZUCARERA Life azucar con stevia envase 500 gr
2,50 	AZUR de puig desodorante spray 200 ml
4,99 	BABARIA pack rosa mosqueta cesta 1 ud
11,50 	BABYBEL mini queso edam 6 porciones bolsa 120 gr
0,00	AZUCARERA azucar moreno integral en terrones caja 500 gr
1,29 	AZUCARERA Life azucar con stevia envase 500 gr
2,50 	AZUR de puig desodorante spray 200 ml
4,99 	BABARIA pack rosa mosqueta cesta 1 ud
11,50 	BABYBEL mini queso edam 6 porciones bolsa 120 gr
0,00	AZUCARERA azucar moreno integral en terrones caja 500 gr
1,29 	AZUCARERA Life azucar con stevia envase 500 gr
2,50 	AZUR de puig desodorante spray 200 ml
4,99 	BABARIA pack rosa mosqueta cesta 1 ud
11,50 	BABYBEL mini queso edam 6 porciones bolsa 120 gr
0,00	AZUCARERA azucar moreno integral en terrones caja 500 gr
1,29 	AZUCARERA Life azucar con stevia envase 500 gr
2,50 	AZUR de puig desodorante spray 200 ml
4,99 	BABARIA pack rosa mosqueta cesta 1 ud
11,50 	BABYBEL mini queso edam 6 porciones bolsa 120 gr
0,00	AZUCARERA azucar moreno integral en terrones caja 500 gr
1,29 	AZUCARERA Life azucar con stevia envase 500 gr
2,50 	AZUR de puig desodorante spray 200 ml
4,99 	BABARIA pack rosa mosqueta cesta 1 ud
11,50 	BABYBEL mini queso edam 6 porciones bolsa 120 gr
0,00	AZUCARERA azucar moreno integral en terrones caja 500 gr
1,29 	AZUCARERA Life azucar con stevia envase 500 gr
2,50 	AZUR de puig desodorante spray 200 ml
4,99 	BABARIA pack rosa mosqueta cesta 1 ud
11,50 	BABYBEL mini queso edam 6 porciones bolsa 120 gr
0,00	AZUCARERA azucar moreno integral en terrones caja 500 gr
1,29 	AZUCARERA Life azucar con stevia envase 500 gr
2,50 	AZUR de puig desodorante spray 200 ml
4,99 	BABARIA pack rosa mosqueta cesta 1 ud
11,50 	BABYBEL mini queso edam 6 porciones bolsa 120 gr
0,00	AZUCARERA azucar moreno integral en terrones caja 500 gr
1,29 	AZUCARERA Life azucar con stevia envase 500 gr
2,50 	AZUR de puig desodorante spray 200 ml
4,99 	BABARIA pack rosa mosqueta cesta 1 ud
11,50 	BABYBEL mini queso edam 6 porciones bolsa 120 gr
0,00	AZUCARERA azucar moreno integral en terrones caja 500 gr
1,29 	AZUCARERA Life azucar con stevia envase 500 gr
2,50 	AZUR de puig desodorante spray 200 ml
4,99 	BABARIA pack rosa mosqueta cesta 1 ud
11,50 	BABYBEL mini queso edam 6 porciones bolsa 120 gr
0,00	AZUCARERA azucar moreno integral en terrones caja 500 gr
1,29 	AZUCARERA Life azucar con stevia envase 500 gr
2,50 	AZUR de puig desodorante spray 200 ml
4,99 	BABARIA pack rosa mosqueta cesta 1 ud
11,50 	BABYBEL mini queso edam 6 porciones bolsa 120 gr
0,00	AZUCARERA azucar moreno integral en terrones caja 500 gr
1,29 	AZUCARERA Life azucar con stevia envase 500 gr
2,50 	AZUR de puig desodorante spray 200 ml
4,99 	BABARIA pack rosa mosqueta cesta 1 ud
11,50 	BABYBEL mini queso edam 6 porciones bolsa 120 gr
0,00	AZUCARERA azucar moreno integral en terrones caja 500 gr
1,29 	AZUCARERA Life azucar con stevia envase 500 gr
2,50 	AZUR de puig desodorante spray 200 ml
4,99 	BABARIA pack rosa mosqueta cesta 1 ud
11,50 	BABYBEL mini queso edam 6 porciones bolsa 120 gr
0,00	AZUCARERA azucar moreno integral en terrones caja 500 gr
1,29 	AZUCARERA Life azucar con stevia envase 500 gr
2,50 	AZUR de puig desodorante spray 200 ml
4,99 	BABARIA pack rosa mosqueta cesta 1 ud
11,50 	BABYBEL mini queso edam 6 porciones bolsa 120 gr
0,00	AZUCARERA azucar moreno integral en terrones caja 500 gr
1,29 	AZUCARERA Life azucar con stevia envase 500 gr
2,50 	AZUR de puig desodorante spray 200 ml
4,99 	BABARIA pack rosa mosqueta cesta 1 ud
11,50 	BABYBEL mini queso edam 6 porciones bolsa 120 gr
0,00	AZUCARERA azucar moreno integral en terrones caja 500 gr
1,29 	AZUCARERA Life azucar con stevia envase 500 gr
2,50 	AZUR de puig desodorante spray 200 ml
4,99 	BABARIA pack rosa mosqueta cesta 1 ud
11,50 	BABYBEL mini queso edam 6 porciones bolsa 120 gr
0,00	AZUCARERA azucar moreno integral en terrones caja 500 gr
1,29 	AZUCARERA Life azucar con stevia envase 500 gr
2,50 	AZUR de puig desodorante spray 200 ml
4,99 	BABARIA pack rosa mosqueta cesta 1 ud
11,50 	BABYBEL mini queso edam 6 porciones bolsa 120 gr
0,00	AZUCARERA azucar moreno integral en terrones caja 500 gr
1,29 	AZUCARERA Life azucar con stevia envase 500 gr
2,50 	AZUR de puig desodorante spray 200 ml
4,99 	BABARIA pack rosa mosqueta cesta 1 ud
11,50 	BABYBEL mini queso edam 6 porciones bolsa 120 gr
0,00	AZUCARERA azucar moreno integral en terrones caja 500 gr
1,29 	AZUCARERA Life azucar con stevia envase 500 gr
2,50 	AZUR de puig desodorante spray 200 ml
4,99 	BABARIA pack rosa mosqueta cesta 1 ud
11,50 	BABYBEL mini queso edam 6 porciones bolsa 120 gr
0,00	AZUCARERA azucar moreno integral en terrones caja 500 gr
1,29 	AZUCARERA Life azucar con stevia envase 500 gr
2,50 	AZUR de puig desodorante spray 200 ml
4,99 	BABARIA pack rosa mosqueta cesta 1 ud
11,50 	BABYBEL mini queso edam 6 porciones bolsa 120 gr
0,00	AZUCARERA azucar moreno integral en terrones caja 500 gr
1,29 	AZUCARERA Life azucar con stevia envase 500 gr
2,50 	AZUR de puig desodorante spray 200 ml
4,99 	BABARIA pack rosa mosqueta cesta 1 ud
11,50 	BABYBEL mini queso edam 6 porciones bolsa 120 gr
0,00	AZUCARERA azucar moreno integral en terrones caja 500 gr
1,29 	AZUCARERA Life azucar con stevia envase 500 gr
2,50 	AZUR de puig desodorante spray 200 ml
4,99 	BABARIA pack rosa mosqueta cesta 1 ud
11,50 	BABYBEL mini queso edam 6 porciones bolsa 120 gr
0,00	AZUCARERA azucar moreno integral en terrones caja 500 gr
1,29 	AZUCARERA Life azucar con stevia envase 500 gr
2,50 	AZUR de puig desodorante spray 200 ml
4,99 	BABARIA pack rosa mosqueta cesta 1 ud
11,50 	BABYBEL mini queso edam 6 porciones bolsa 120 gr
0,00	AZUCARERA azucar moreno integral en terrones caja 500 gr
1,29 	AZUCARERA Life azucar con stevia envase 500 gr
2,50 	AZUR de puig desodorante spray 200 ml
4,99 	BABARIA pack rosa mosqueta cesta 1 ud
11,50 	BABYBEL mini queso edam 6 porciones bolsa 120 gr
0,00	AZUCARERA azucar moreno integral en terrones caja 500 gr
1,29 	AZUCARERA Life azucar con stevia envase 500 gr
2,50 	AZUR de puig desodorante spray 200 ml
4,99 	BABARIA pack rosa mosqueta cesta 1 ud
11,50 	BABYBEL mini queso edam 6 porciones bolsa 120 gr
0,00	AZUCARERA azucar moreno integral en terrones caja 500 gr
1,29 	AZUCARERA Life azucar con stevia envase 500 gr
2,50 	AZUR de puig desodorante spray 200 ml
4,99 	BABARIA pack rosa mosqueta cesta 1 ud
11,50 	BABYBEL mini queso edam 6 porciones bolsa 120 gr
0,00	AZUCARERA azucar moreno integral en terrones caja 500 gr
1,29 	AZUCARERA Life azucar con stevia envase 500 gr
2,50 	AZUR de puig desodorante spray 200 ml
4,99 	BABARIA pack rosa mosqueta cesta 1 ud
11,50 	BABYBEL mini queso edam 6 porciones bolsa 120 gr
0,00	AZUCARERA azucar moreno integral en terrones caja 500 gr
1,29 	AZUCARERA Life azucar con stevia envase 500 gr
2,50 	AZUR de puig desodorante spray 200 ml
4,99 	BABARIA pack rosa mosqueta cesta 1 ud
11,50 	BABYBEL mini queso edam 6 porciones bolsa 120 gr
0,00	AZUCARERA azucar moreno integral en terrones caja 500 gr
1,29 	AZUCARERA Life azucar con stevia envase 500 gr
2,50 	AZUR de puig desodorante spray 200 ml
4,99 	BABARIA pack rosa mosqueta cesta 1 ud
11,50 	BABYBEL mini queso edam 6 porciones bolsa 120 gr
0,00	AZUCARERA azucar moreno integral en terrones caja 500 gr
1,29 	AZUCARERA Life azucar con stevia envase 500 gr
2,50 	AZUR de puig desodorante spray 200 ml
4,99 	BABARIA pack rosa mosqueta cesta 1 ud
11,50 	BABYBEL mini queso edam 6 porciones bolsa 120 gr
0,00	AZUCARERA azucar moreno integral en terrones caja 500 gr
1,29 	AZUCARERA Life azucar con stevia envase 500 gr
2,50 	AZUR de puig desodorante spray 200 ml
4,99 	BABARIA pack rosa mosqueta cesta 1 ud
11,50 	BABYBEL mini queso edam 6 porciones bolsa 120 gr
0,00	AZUCARERA azucar moreno integral en terrones caja 500 gr
1,29 	AZUCARERA Life azucar con stevia envase 500 gr
2,50 	AZUR de puig desodorante spray 200 ml
4,99 	BABARIA pack rosa mosqueta cesta 1 ud
11,50 	BABYBEL mini queso edam 6 porciones bolsa 120 gr
0,00	AZUCARERA azucar moreno integral en terrones caja 500 gr
1,29 	AZUCARERA Life azucar con stevia envase 500 gr
2,50 	AZUR de puig desodorante spray 200 ml
4,99 	BABARIA pack rosa mosqueta cesta 1 ud
11,50 	BABYBEL mini queso edam 6 porciones bolsa 120 gr
0,00	AZUCARERA azucar moreno integral en terrones caja 500 gr
1,29 	AZUCARERA Life azucar con stevia envase 500 gr
2,50 	AZUR de puig desodorante spray 200 ml
4,99 	BABARIA pack rosa mosqueta cesta 1 ud
11,50 	BABYBEL mini queso edam 6 porciones bolsa 120 gr
0,00	AZUCARERA azucar moreno integral en terrones caja 500 gr
1,29 	AZUCARERA Life azucar con stevia envase 500 gr
2,50 	AZUR de puig desodorante spray 200 ml
4,99 	BABARIA pack rosa mosqueta cesta 1 ud
11,50 	BABYBEL mini queso edam 6 porciones bolsa 120 gr
0,00	AZUCARERA azucar moreno integral en terrones caja 500 gr
1,29 	AZUCARERA Life azucar con stevia envase 500 gr
2,50 	AZUR de puig desodorante spray 200 ml
4,99 	BABARIA pack rosa mosqueta cesta 1 ud
11,50 	BABYBEL mini queso edam 6 porciones bolsa 120 gr
0,00	AZUCARERA azucar moreno integral en terrones caja 500 gr
1,29 	AZUCARERA Life azucar con stevia envase 500 gr
2,50 	AZUR de puig desodorante spray 200 ml
4,99 	BABARIA pack rosa mosqueta cesta 1 ud
11,50 	BABYBEL mini queso edam 6 porciones bolsa 120 gr
0,00	AZUCARERA azucar moreno integral en terrones caja 500 gr
1,29 	AZUCARERA Life azucar con stevia envase 500 gr
2,50 	AZUR de puig desodorante spray 200 ml
4,99 	BABARIA pack rosa mosqueta cesta 1 ud
11,50 	BABYBEL mini queso edam 6 porciones bolsa 120 gr
0,00	AZUCARERA azucar moreno integral en terrones caja 500 gr
1,29 	AZUCARERA Life azucar con stevia envase 500 gr
2,50 	AZUR de puig desodorante spray 200 ml
4,99 	BABARIA pack rosa mosqueta cesta 1 ud
11,50 	BABYBEL mini queso edam 6 porciones bolsa 120 gr
0,00	AZUCARERA azucar moreno integral en terrones caja 500 gr
1,29 	AZUCARERA Life azucar con stevia envase 500 gr
2,50 	AZUR de puig desodorante spray 200 ml
4,99 	BABARIA pack rosa mosqueta cesta 1 ud
11,50 	BABYBEL mini queso edam 6 porciones bolsa 120 gr
0,00	AZUCARERA azucar moreno integral en terrones caja 500 gr
1,29 	AZUCARERA Life azucar con stevia envase 500 gr
2,50 	AZUR de puig desodorante spray 200 ml
4,99 	BABARIA pack rosa mosqueta cesta 1 ud
11,50 	BABYBEL mini queso edam 6 porciones bolsa 120 gr
0,00	AZUCARERA azucar moreno integral en terrones caja 500 gr
1,29 	AZUCARERA Life azucar con stevia envase 500 gr
2,50 	AZUR de puig desodorante spray 200 ml
4,99 	BABARIA pack rosa mosqueta cesta 1 ud
11,50 	BABYBEL mini queso edam 6 porciones bolsa 120 gr
0,00	AZUCARERA azucar moreno integral en terrones caja 500 gr
1,29 	AZUCARERA Life azucar con stevia envase 500 gr
2,50 	AZUR de puig desodorante spray 200 ml
4,99 	BABARIA pack rosa mosqueta cesta 1 ud
11,50 	BABYBEL mini queso edam 6 porciones bolsa 120 gr
0,00	AZUCARERA azucar moreno integral en terrones caja 500 gr
1,29 	AZUCARERA Life azucar con stevia envase 500 gr
2,50 	AZUR de puig desodorante spray 200 ml
4,99 	BABARIA pack rosa mosqueta cesta 1 ud
11,50 	BABYBEL mini queso edam 6 porciones bolsa 120 gr
0,00	AZUCARERA azucar moreno integral en terrones caja 500 gr
1,29 	AZUCARERA Life azucar con stevia envase 500 gr
2,50 	AZUR de puig desodorante spray 200 ml
4,99 	BABARIA pack rosa mosqueta cesta 1 ud
11,50 	BABYBEL mini queso edam 6 porciones bolsa 120 gr
0,00	AZUCARERA azucar moreno integral en terrones caja 500 gr
1,29 	AZUCARERA Life azucar con stevia envase 500 gr
2,50 	AZUR de puig desodorante spray 200 ml
4,99 	BABARIA pack rosa mosqueta cesta 1 ud
11,50 	BABYBEL mini queso edam 6 porciones bolsa 120 gr
0,00	AZUCARERA azucar moreno integral en terrones caja 500 gr
1,29 	AZUCARERA Life azucar con stevia envase 500 gr
2,50 	AZUR de puig desodorante spray 200 ml
4,99 	BABARIA pack rosa mosqueta cesta 1 ud
11,50 	BABYBEL mini queso edam 6 porciones bolsa 120 gr
0,00	AZUCARERA azucar moreno integral en terrones caja 500 gr
1,29 	AZUCARERA Life azucar con stevia envase 500 gr
2,50 	AZUR de puig desodorante spray 200 ml
4,99 	BABARIA pack rosa mosqueta cesta 1 ud
11,50 	BABYBEL mini queso edam 6 porciones bolsa 120 gr
0,00	AZUCARERA azucar moreno integral en terrones caja 500 gr
1,29 	AZUCARERA Life azucar con stevia envase 500 gr
2,50 	AZUR de puig desodorante spray 200 ml
4,99 	BABARIA pack rosa mosqueta cesta 1 ud
11,50 	BABYBEL mini queso edam 6 porciones bolsa 120 gr
0,00	AZUCARERA azucar moreno integral en terrones caja 500 gr
1,29 	AZUCARERA Life azucar con stevia envase 500 gr
2,50 	AZUR de puig desodorante spray 200 ml
4,99 	BABARIA pack rosa mosqueta cesta 1 ud
11,50 	BABYBEL mini queso edam 6 porciones bolsa 120 gr
0,00	AZUCARERA azucar moreno integral en terrones caja 500 gr
1,29 	AZUCARERA Life azucar con stevia envase 500 gr
2,50 	AZUR de puig desodorante spray 200 ml
4,99 	BABARIA pack rosa mosqueta cesta 1 ud
11,50 	BABYBEL mini queso edam 6 porciones bolsa 120 gr
0,00	AZUCARERA azucar moreno integral en terrones caja 500 gr
1,29 	AZUCARERA Life azucar con stevia envase 500 gr
2,50 	AZUR de puig desodorante spray 200 ml
4,99 	BABARIA pack rosa mosqueta cesta 1 ud
11,50 	BABYBEL mini queso edam 6 porciones bolsa 120 gr
0,00	AZUCARERA azucar moreno integral en terrones caja 500 gr
1,29 	AZUCARERA Life azucar con stevia envase 500 gr
2,50 	AZUR de puig desodorante spray 200 ml
4,99 	BABARIA pack rosa mosqueta cesta 1 ud
11,50 	BABYBEL mini queso edam 6 porciones bolsa 120 gr
0,00	AZUCARERA azucar moreno integral en terrones caja 500 gr
1,29 	AZUCARERA Life azucar con stevia envase 500 gr
2,50 	AZUR de puig desodorante spray 200 ml
4,99 	BABARIA pack rosa mosqueta cesta 1 ud
11,50 	BABYBEL mini queso edam 6 porciones bolsa 120 gr
0,00	AZUCARERA azucar moreno integral en terrones caja 500 gr
1,29 	AZUCARERA Life azucar con stevia envase 500 gr
2,50 	AZUR de puig desodorante spray 200 ml
4,99 	BABARIA pack rosa mosqueta cesta 1 ud
11,50 	BABYBEL mini queso edam 6 porciones bolsa 120 gr
0,00	AZUCARERA azucar moreno integral en terrones caja 500 gr
1,29 	AZUCARERA Life azucar con stevia envase 500 gr
2,50 	AZUR de puig desodorante spray 200 ml
4,99 	BABARIA pack rosa mosqueta cesta 1 ud
11,50 	BABYBEL mini queso edam 6 porciones bolsa 120 gr
0,00	AZUCARERA azucar moreno integral en terrones caja 500 gr
1,29 	AZUCARERA Life azucar con stevia envase 500 gr
2,50 	AZUR de puig desodorante spray 200 ml
4,99 	BABARIA pack rosa mosqueta cesta 1 ud
11,50 	BABYBEL mini queso edam 6 porciones bolsa 120 gr
0,00	AZUCARERA azucar moreno integral en terrones caja 500 gr
1,29 	AZUCARERA Life azucar con stevia envase 500 gr
2,50 	AZUR de puig desodorante spray 200 ml
4,99 	BABARIA pack rosa mosqueta cesta 1 ud
11,50 	BABYBEL mini queso edam 6 porciones bolsa 120 gr
0,00	AZUCARERA azucar moreno integral en terrones caja 500 gr
1,29 	AZUCARERA Life azucar con stevia envase 500 gr
2,50 	AZUR de puig desodorante spray 200 ml
4,99 	BABARIA pack rosa mosqueta cesta 1 ud
11,50 	BABYBEL mini queso edam 6 porciones bolsa 120 gr
0,00	AZUCARERA azucar moreno integral en terrones caja 500 gr
1,29 	AZUCARERA Life azucar con stevia envase 500 gr
2,50 	AZUR de puig desodorante spray 200 ml
4,99 	BABARIA pack rosa mosqueta cesta 1 ud
11,50 	BABYBEL mini queso edam 6 porciones bolsa 120 gr
0,00	AZUCARERA azucar moreno integral en terrones caja 500 gr
1,29 	AZUCARERA Life azucar con stevia envase 500 gr
2,50 	AZUR de puig desodorante spray 200 ml
4,99 	BABARIA pack rosa mosqueta cesta 1 ud
11,50 	BABYBEL mini queso edam 6 porciones bolsa 120 gr
0,00	AZUCARERA azucar moreno integral en terrones caja 500 gr
1,29 	AZUCARERA Life azucar con stevia envase 500 gr
2,50 	AZUR de puig desodorante spray 200 ml
4,99 	BABARIA pack rosa mosqueta cesta 1 ud
11,50 	BABYBEL mini queso edam 6 porciones bolsa 120 gr
0,00	AZUCARERA azucar moreno integral en terrones caja 500 gr
1,29 	AZUCARERA Life azucar con stevia envase 500 gr
2,50 	AZUR de puig desodorante spray 200 ml
4,99 	BABARIA pack rosa mosqueta cesta 1 ud
11,50 	BABYBEL mini queso edam 6 porciones bolsa 120 gr
0,00	AZUCARERA azucar moreno integral en terrones caja 500 gr
1,29 	AZUCARERA Life azucar con stevia envase 500 gr
2,50 	AZUR de puig desodorante spray 200 ml
4,99 	BABARIA pack rosa mosqueta cesta 1 ud
11,50 	BABYBEL mini queso edam 6 porciones bolsa 120 gr
0,00	AZUCARERA azucar moreno integral en terrones caja 500 gr
1,29 	AZUCARERA Life azucar con stevia envase 500 gr
2,50 	AZUR de puig desodorante spray 200 ml
4,99 	BABARIA pack rosa mosqueta cesta 1 ud
11,50 	BABYBEL mini queso edam 6 porciones bolsa 120 gr
0,00	AZUCARERA azucar moreno integral en terrones caja 500 gr
1,29 	AZUCARERA Life azucar con stevia envase 500 gr
2,50 	AZUR de puig desodorante spray 200 ml
4,99 	BABARIA pack rosa mosqueta cesta 1 ud
11,50 	BABYBEL mini queso edam 6 porciones bolsa 120 gr
0,00	AZUCARERA azucar moreno integral en terrones caja 500 gr
1,29 	AZUCARERA Life azucar con stevia envase 500 gr
2,50 	AZUR de puig desodorante spray 200 ml
4,99 	BABARIA pack rosa mosqueta cesta 1 ud
11,50 	BABYBEL mini queso edam 6 porciones bolsa 120 gr
0,00	AZUCARERA azucar moreno integral en terrones caja 500 gr
1,29 	AZUCARERA Life azucar con stevia envase 500 gr
2,50 	AZUR de puig desodorante spray 200 ml
4,99 	BABARIA pack rosa mosqueta cesta 1 ud
11,50 	BABYBEL mini queso edam 6 porciones bolsa 120 gr
0,00	AZUCARERA azucar moreno integral en terrones caja 500 gr
1,29 	AZUCARERA Life azucar con stevia envase 500 gr
2,50 	AZUR de puig desodorante spray 200 ml
4,99 	BABARIA pack rosa mosqueta cesta 1 ud
11,50 	BABYBEL mini queso edam 6 porciones bolsa 120 gr
0,00	AZUCARERA azucar moreno integral en terrones caja 500 gr
1,29 	AZUCARERA Life azucar con stevia envase 500 gr
2,50 	AZUR de puig desodorante spray 200 ml
4,99 	BABARIA pack rosa mosqueta cesta 1 ud
11,50 	BABYBEL mini queso edam 6 porciones bolsa 120 gr
0,00	AZUCARERA azucar moreno integral en terrones caja 500 gr
1,29 	AZUCARERA Life azucar con stevia envase 500 gr
2,50 	AZUR de puig desodorante spray 200 ml
4,99 	BABARIA pack rosa mosqueta cesta 1 ud
11,50 	BABYBEL mini queso edam 6 porciones bolsa 120 gr
0,00	AZUCARERA azucar moreno integral en terrones caja 500 gr
1,29 	AZUCARERA Life azucar con stevia envase 500 gr
2,50 	AZUR de puig desodorante spray 200 ml
4,99 	BABARIA pack rosa mosqueta cesta 1 ud
11,50 	BABYBEL mini queso edam 6 porciones bolsa 120 gr
0,00	AZUCARERA azucar moreno integral en terrones caja 500 gr
1,29 	AZUCARERA Life azucar con stevia envase 500 gr
2,50 	AZUR de puig desodorante spray 200 ml
4,99 	BABARIA pack rosa mosqueta cesta 1 ud
11,50 	BABYBEL mini queso edam 6 porciones bolsa 120 gr
0,00	AZUCARERA azucar moreno integral en terrones caja 500 gr
1,29 	AZUCARERA Life azucar con stevia envase 500 gr
2,50 	AZUR de puig desodorante spray 200 ml
4,99 	BABARIA pack rosa mosqueta cesta 1 ud
11,50 	BABYBEL mini queso edam 6 porciones bolsa 120 gr
0,00	AZUCARERA azucar moreno integral en terrones caja 500 gr
1,29 	AZUCARERA Life azucar con stevia envase 500 gr
2,50 	AZUR de puig desodorante spray 200 ml
4,99 	BABARIA pack rosa mosqueta cesta 1 ud
11,50 	BABYBEL mini queso edam 6 porciones bolsa 120 gr
0,00	AZUCARERA azucar moreno integral en terrones caja 500 gr
1,29 	AZUCARERA Life azucar con stevia envase 500 gr
2,50 	AZUR de puig desodorante spray 200 ml
4,99 	BABARIA pack rosa mosqueta cesta 1 ud
11,50 	BABYBEL mini queso edam 6 porciones bolsa 120 gr
0,00	AZUCARERA azucar moreno integral en terrones caja 500 gr
1,29 	AZUCARERA Life azucar con stevia envase 500 gr
2,50 	AZUR de puig desodorante spray 200 ml
4,99 	BABARIA pack rosa mosqueta cesta 1 ud
11,50 	BABYBEL mini queso edam 6 porciones bolsa 120 gr
0,00	AZUCARERA azucar moreno integral en terrones caja 500 gr
1,29 	AZUCARERA Life azucar con stevia envase 500 gr
2,50 	AZUR de puig desodorante spray 200 ml
4,99 	BABARIA pack rosa mosqueta cesta 1 ud
11,50 	BABYBEL mini queso edam 6 porciones bolsa 120 gr
0,00	AZUCARERA azucar moreno integral en terrones caja 500 gr
1,29 	AZUCARERA Life azucar con stevia envase 500 gr
2,50 	AZUR de puig desodorante spray 200 ml
4,99 	BABARIA pack rosa mosqueta cesta 1 ud
11,50 	BABYBEL mini queso edam 6 porciones bolsa 120 gr
0,00	AZUCARERA azucar moreno integral en terrones caja 500 gr
1,29 	AZUCARERA Life azucar con stevia envase 500 gr
2,50 	AZUR de puig desodorante spray 200 ml
4,99 	BABARIA pack rosa mosqueta cesta 1 ud
11,50 	BABYBEL mini queso edam 6 porciones bolsa 120 gr
0,00	AZUCARERA azucar moreno integral en terrones caja 500 gr
1,29 	AZUCARERA Life azucar con stevia envase 500 gr
2,50 	AZUR de puig desodorante spray 200 ml
4,99 	BABARIA pack rosa mosqueta cesta 1 ud
11,50 	BABYBEL mini queso edam 6 porciones bolsa 120 gr
0,00	AZUCARERA azucar moreno integral en terrones caja 500 gr
1,29 	AZUCARERA Life azucar con stevia envase 500 gr
2,50 	AZUR de puig desodorante spray 200 ml
4,99 	BABARIA pack rosa mosqueta cesta 1 ud
11,50 	BABYBEL mini queso edam 6 porciones bolsa 120 gr
0,00	AZUCARERA azucar moreno integral en terrones caja 500 gr
1,29 	AZUCARERA Life azucar con stevia envase 500 gr
2,50 	AZUR de puig desodorante spray 200 ml
4,99 	BABARIA pack rosa mosqueta cesta 1 ud
11,50 	BABYBEL mini queso edam 6 porciones bolsa 120 gr
0,00	AZUCARERA azucar moreno integral en terrones caja 500 gr
1,29 	AZUCARERA Life azucar con stevia envase 500 gr
2,50 	AZUR de puig desodorante spray 200 ml
4,99 	BABARIA pack rosa mosqueta cesta 1 ud
11,50 	BABYBEL mini queso edam 6 porciones bolsa 120 gr
0,00	AZUCARERA azucar moreno integral en terrones caja 500 gr
1,29 	AZUCARERA Life azucar con stevia envase 500 gr
2,50 	AZUR de puig desodorante spray 200 ml
4,99 	BABARIA pack rosa mosqueta cesta 1 ud
11,50 	BABYBEL mini queso edam 6 porciones bolsa 120 gr
0,00	AZUCARERA azucar moreno integral en terrones caja 500 gr
1,29 	AZUCARERA Life azucar con stevia envase 500 gr
2,50 	AZUR de puig desodorante spray 200 ml
4,99 	BABARIA pack rosa mosqueta cesta 1 ud
11,50 	BABYBEL mini queso edam 6 porciones bolsa 120 gr
0,00	AZUCARERA azucar moreno integral en terrones caja 500 gr
1,29 	AZUCARERA Life azucar con stevia envase 500 gr
2,50 	AZUR de puig desodorante spray 200 ml
4,99 	BABARIA pack rosa mosqueta cesta 1 ud
11,50 	BABYBEL mini queso edam 6 porciones bolsa 120 gr
0,00	AZUCARERA azucar moreno integral en terrones caja 500 gr
1,29 	AZUCARERA Life azucar con stevia envase 500 gr
2,50 	AZUR de puig desodorante spray 200 ml
4,99 	BABARIA pack rosa mosqueta cesta 1 ud
11,50 	BABYBEL mini queso edam 6 porciones bolsa 120 gr
0,00	AZUCARERA azucar moreno integral en terrones caja 500 gr
1,29 	AZUCARERA Life azucar con stevia envase 500 gr
2,50 	AZUR de puig desodorante spray 200 ml
4,99 	BABARIA pack rosa mosqueta cesta 1 ud
11,50 	BABYBEL mini queso edam 6 porciones bolsa 120 gr
0,00	AZUCARERA azucar moreno integral en terrones caja 500 gr
1,29 	AZUCARERA Life azucar con stevia envase 500 gr
2,50 	AZUR de puig desodorante spray 200 ml
4,99 	BABARIA pack rosa mosqueta cesta 1 ud
11,50 	BABYBEL mini queso edam 6 porciones bolsa 120 gr
0,00	AZUCARERA azucar moreno integral en terrones caja 500 gr
1,29 	AZUCARERA Life azucar con stevia envase 500 gr
2,50 	AZUR de puig desodorante spray 200 ml
4,99 	BABARIA pack rosa mosqueta cesta 1 ud
11,50 	BABYBEL mini queso edam 6 porciones bolsa 120 gr
0,00	AZUCARERA azucar moreno integral en terrones caja 500 gr
1,29 	AZUCARERA Life azucar con stevia envase 500 gr
2,50 	AZUR de puig desodorante spray 200 ml
4,99 	BABARIA pack rosa mosqueta cesta 1 ud
11,50 	BABYBEL mini queso edam 6 porciones bolsa 120 gr
0,00	AZUCARERA azucar moreno integral en terrones caja 500 gr
1,29 	AZUCARERA Life azucar con stevia envase 500 gr
2,50 	AZUR de puig desodorante spray 200 ml
4,99 	BABARIA pack rosa mosqueta cesta 1 ud
11,50 	BABYBEL mini queso edam 6 porciones bolsa 120 gr
0,00	AZUCARERA azucar moreno integral en terrones caja 500 gr
1,29 	AZUCARERA Life azucar con stevia envase 500 gr
2,50 	AZUR de puig desodorante spray 200 ml
4,99 	BABARIA pack rosa mosqueta cesta 1 ud
11,50 	BABYBEL mini queso edam 6 porciones bolsa 120 gr
0,00	AZUCARERA azucar moreno integral en terrones caja 500 gr
1,29 	AZUCARERA Life azucar con stevia envase 500 gr
2,50 	AZUR de puig desodorante spray 200 ml
4,99 	BABARIA pack rosa mosqueta cesta 1 ud
11,50 	BABYBEL mini queso edam 6 porciones bolsa 120 gr
0,00	AZUCARERA azucar moreno integral en terrones caja 500 gr
1,29 	AZUCARERA Life azucar con stevia envase 500 gr
2,50 	AZUR de puig desodorante spray 200 ml
4,99 	BABARIA pack rosa mosqueta cesta 1 ud
11,50 	BABYBEL mini queso edam 6 porciones bolsa 120 gr
0,00	AZUCARERA azucar moreno integral en terrones caja 500 gr
1,29 	AZUCARERA Life azucar con stevia envase 500 gr
2,50 	AZUR de puig desodorante spray 200 ml
4,99 	BABARIA pack rosa mosqueta cesta 1 ud
11,50 	BABYBEL mini queso edam 6 porciones bolsa 120 gr
0,00	AZUCARERA azucar moreno integral en terrones caja 500 gr
1,29 	AZUCARERA Life azucar con stevia envase 500 gr
2,50 	AZUR de puig desodorante spray 200 ml
4,99 	BABARIA pack rosa mosqueta cesta 1 ud
11,50 	BABYBEL mini queso edam 6 porciones bolsa 120 gr
0,00	AZUCARERA azucar moreno integral en terrones caja 500 gr
1,29 	AZUCARERA Life azucar con stevia envase 500 gr
2,50 	AZUR de puig desodorante spray 200 ml
4,99 	BABARIA pack rosa mosqueta cesta 1 ud
11,50 	BABYBEL mini queso edam 6 porciones bolsa 120 gr
